PERIODOS,NUM_MATERIAS,NUM_CREDITOS_MATRICULADOS,NUM_CREDITOS_APROBADOS,NUM_MATERIAS_APROBADAS,NUM_MATERIAS_PERDIDAS,NUM_R1,NUM_R2,NUM_R3,NUM_R3_BALANCEO,EFICIENCIA,PROMEDIO,GENERO_FEMENINO,GENERO_MASCULINO,GENERO_NO BINARIO,GENERO_NO REPORTA,ESTRATO_1,ESTRATO_2,ESTRATO_3,ESTRATO_4,ESTRATO_5,ESTRATO_6,ETIQUETA
2,9,29,6,3,6,2,0,0,0.0,0.2710843373493975,1.425,1,0,0,0,1,0,0,0,0,0,1
6,20,73,41,12,8,3,3,1,1.0,0.5286144578313253,3.016666666666667,0,1,0,0,1,0,0,0,0,0,1
1,4,14,10,3,1,0,0,0,0.0,0.6024096385542168,3.35,0,1,0,0,0,1,0,0,0,0,1
16,72,251,176,52,20,9,5,1,0.0,0.5979004262136791,3.065125,1,0,0,0,1,0,0,0,0,0,1
8,28,105,37,11,17,6,5,2,0.0,0.3721941336775674,2.2732500000000004,1,0,0,0,0,1,0,0,0,0,1
1,5,14,6,3,2,0,0,0,0.0,0.36144578313253,2.325000000000002,1,0,0,0,1,0,0,0,0,0,1
5,27,81,50,18,9,2,2,0,0.0,0.6767068273092368,3.2366,1,0,0,0,1,0,0,0,0,0,1
12,52,181,172,50,2,2,0,0,0.0,0.9135149906987255,3.91,0,1,0,0,1,0,0,0,0,0,1
6,31,94,74,26,5,3,1,0,0.0,0.7787817938420347,3.742500000000001,1,0,0,0,0,1,0,0,0,0,0
12,57,184,164,50,7,6,0,0,0.0,0.7470779582978379,3.3789166666666666,0,1,0,0,1,0,0,0,0,0,0
1,5,14,3,2,3,0,0,0,0.0,0.180722891566265,1.5250000000000037,0,1,0,0,1,0,0,0,0,0,1
4,13,33,6,4,9,3,1,1,1.0,0.1430722891566264,1.2187500000000004,1,0,0,0,1,0,0,0,0,0,1
2,7,21,9,4,3,1,0,0,0.0,0.3162650602409638,2.6000000000000014,0,1,0,0,1,0,0,0,0,0,1
1,5,14,6,3,2,0,0,0,0.0,0.36144578313253,2.375,0,1,0,0,0,0,1,0,0,0,1
1,4,14,14,4,0,0,0,0,0.0,0.8433734939759036,4.025,0,1,0,0,0,1,0,0,0,0,1
2,9,25,3,1,8,2,0,0,0.0,0.1355421686746987,1.0,0,1,0,0,0,0,1,0,0,0,1
1,4,14,3,1,3,0,0,0,0.0,0.180722891566265,1.1250000000000036,0,0,1,0,0,1,0,0,0,0,1
8,34,121,69,21,13,7,4,1,1.0,0.5055131239242685,2.6427500000000004,0,1,0,0,0,1,0,0,0,0,1
4,14,50,15,5,9,4,2,0,0.0,0.2622991967871485,2.1905,0,1,0,0,0,1,0,0,0,0,1
12,49,173,166,47,2,1,0,0,0.0,0.8546440451560932,3.905583333333333,0,1,0,0,1,0,0,0,0,0,0
14,59,214,167,47,12,10,1,0,0.0,0.6715043180189478,3.4403571428571427,0,1,0,0,0,0,0,1,0,0,0
2,9,29,9,4,5,2,0,0,0.0,0.3162650602409638,2.512500000000002,0,1,0,0,0,1,0,0,0,0,1
7,23,82,31,10,13,0,0,0,0.0,0.3549504139004999,2.109714285714286,1,0,0,0,1,0,0,0,0,0,1
7,23,81,21,8,15,6,4,2,2.0,0.305077452667814,1.4725714285714289,1,0,0,0,1,0,0,0,0,0,1
9,19,73,25,7,12,5,4,0,0.0,0.2538434159920102,1.9316666666666664,1,0,0,0,1,0,0,0,0,0,1
4,15,56,52,14,1,0,0,0,0.0,0.7831325301204819,3.58,0,1,0,0,0,1,0,0,0,0,1
3,8,29,9,3,5,2,1,0,0.0,0.2108433734939758,1.9083333333333328,0,1,0,0,1,0,0,0,0,0,1
3,11,41,13,4,7,3,2,0,0.0,0.2978580990629182,2.205666666666667,1,0,0,0,0,1,0,0,0,0,1
1,5,14,0,1,4,0,0,0,0.0,0.0,1.5249999999999997,0,1,0,0,0,0,0,0,0,1,1
7,40,124,108,36,4,3,0,0,0.0,0.829132857962462,3.6842857142857146,1,0,0,0,1,0,0,0,0,0,0
3,8,29,14,4,1,1,1,0,0.0,0.394912985274431,3.998333333333335,0,1,0,0,1,0,0,0,0,0,0
3,13,41,9,5,8,3,2,0,0.0,0.2710843373493975,1.2999999999999998,0,1,0,0,1,0,0,0,0,0,1
1,4,14,0,0,4,0,0,0,1.0,0.0,0.8000000000000018,0,1,0,0,0,1,0,0,0,0,1
8,32,86,30,12,20,9,2,1,1.0,0.2502689328743545,1.4391250000000002,1,0,0,0,0,1,0,0,0,0,1
3,9,33,9,3,6,2,2,0,0.0,0.2710843373493975,1.875000000000001,1,0,0,0,0,1,0,0,0,0,1
3,15,51,43,13,2,1,0,0,0.0,0.8400267737617134,3.745000000000001,0,1,0,0,1,0,0,0,0,0,0
18,61,218,119,35,26,13,6,2,2.0,0.4299270796509751,2.524777777777778,0,1,0,0,0,1,0,0,0,0,1
1,4,14,3,1,3,0,0,0,1.0,0.180722891566265,2.025,0,1,0,0,1,0,0,0,0,0,1
13,50,173,161,47,3,3,0,0,0.0,0.8040861581524231,3.8883,0,1,0,0,1,0,0,0,0,0,0
15,59,202,140,43,16,7,5,0,0.0,0.5379145731555369,3.307,1,0,0,0,1,0,0,0,0,0,0
5,20,68,53,15,5,2,0,0,0.0,0.7311244979919678,3.501599999999999,0,1,0,0,0,0,1,0,0,0,1
2,10,29,21,8,2,0,0,0,0.0,0.7379518072289156,3.892500000000001,1,0,0,0,0,0,1,0,0,0,1
3,13,40,18,7,6,2,1,0,0.0,0.3714859437751003,2.625,1,0,0,0,0,1,0,0,0,0,1
10,52,168,163,50,2,1,0,0,0.0,0.9742876266972652,3.9302,0,1,0,0,0,1,0,0,0,0,0
1,4,14,10,3,1,0,0,0,0.0,0.6024096385542168,3.3500000000000028,0,1,0,0,0,1,0,0,0,0,1
15,55,197,153,44,11,8,3,0,0.0,0.531838342380511,3.2985333333333333,0,1,0,0,1,0,0,0,0,0,0
1,4,14,10,3,1,0,0,0,0.0,0.6024096385542168,3.300000000000004,0,1,0,0,0,1,0,0,0,0,0
13,61,219,172,50,11,6,3,1,0.0,0.8018328597568634,3.293615384615385,0,1,0,0,0,1,0,0,0,0,0
3,13,41,9,5,8,3,2,0,0.0,0.2710843373493975,1.8473333333333333,0,1,0,0,0,1,0,0,0,0,1
1,5,14,0,0,5,0,0,0,0.0,0.0,0.075,0,1,0,0,1,0,0,0,0,0,1
1,5,14,0,1,4,0,0,0,0.0,0.0,1.525,0,1,0,0,1,0,0,0,0,0,1
15,63,218,167,50,13,5,4,2,0.0,0.5935608345246899,3.548266666666667,1,0,0,0,1,0,0,0,0,0,0
9,38,131,115,34,4,3,1,0,0.0,0.9008743306559572,3.251875,0,1,0,0,0,0,1,0,0,0,1
13,46,159,82,26,20,10,3,1,1.0,0.4774912555264733,2.8347692307692305,0,1,0,0,1,0,0,0,0,0,1
2,9,29,6,3,6,2,0,0,0.0,0.2710843373493975,1.2125,0,1,0,0,0,1,0,0,0,0,1
3,9,28,9,4,5,2,0,0,0.0,0.2409638554216866,1.9833333333333327,0,1,0,0,0,1,0,0,0,0,1
4,12,45,9,3,9,2,2,2,2.0,0.2371987951807228,1.850000000000001,0,1,0,0,1,0,0,0,0,0,1
14,61,223,162,46,15,6,4,3,0.0,0.4839819651566639,3.2802857142857142,1,0,0,0,0,1,0,0,0,0,0
2,12,32,32,12,0,0,0,0,0.0,0.9638554216867468,4.458,0,1,0,0,1,0,0,0,0,0,1
3,12,45,37,10,2,2,0,0,0.0,0.7797858099062918,3.3266666666666667,0,1,0,0,1,0,0,0,0,0,1
8,33,107,54,19,14,5,3,2,1.0,0.4489027538726333,2.310625,1,0,0,0,1,0,0,0,0,0,1
4,11,37,21,7,4,1,0,0,0.0,0.5233433734939759,2.38125,1,0,0,0,0,0,1,0,0,0,1
1,5,14,0,0,5,0,0,0,0.0,0.0,0.7750000000000018,0,1,0,0,1,0,0,0,0,0,1
2,8,28,0,0,8,4,0,0,0.0,0.0,0.1000000000000019,0,1,0,0,0,0,1,0,0,0,1
16,54,188,130,39,15,8,3,1,0.0,0.5198759155837468,3.285375,1,0,0,0,1,0,0,0,0,0,0
1,5,14,0,1,4,0,0,0,0.0,0.0,0.6250000000000018,0,1,0,0,1,0,0,0,0,0,1
9,47,149,137,43,4,3,0,0,0.0,0.8397213191389897,3.834111111111112,0,1,0,0,1,0,0,0,0,0,0
2,9,33,13,4,5,2,0,0,0.0,0.3765060240963854,2.475000000000001,0,1,0,0,1,0,0,0,0,0,1
2,8,25,9,3,5,2,0,0,0.0,0.3162650602409638,2.325,1,0,0,0,0,1,0,0,0,0,1
10,34,105,74,26,6,3,1,0,0.0,0.5829126027921208,3.2894000000000005,0,1,0,0,1,0,0,0,0,0,1
16,69,241,173,51,18,12,4,2,0.0,0.5455403605347129,3.4053125,1,0,0,0,1,0,0,0,0,0,0
11,50,173,165,48,2,2,0,0,0.0,0.8908034736347988,4.011545454545455,1,0,0,0,1,0,0,0,0,0,0
10,43,133,133,43,0,0,0,0,0.0,0.7045969592656339,4.178,1,0,0,0,1,0,0,0,0,0,0
3,11,37,9,4,7,2,2,0,0.0,0.2710843373493975,1.4666666666666668,1,0,0,0,1,0,0,0,0,0,1
2,10,29,17,7,3,1,0,0,0.0,0.5572289156626505,2.925,0,1,0,0,1,0,0,0,0,0,1
11,51,164,160,50,1,1,0,0,0.0,0.888227249809944,4.276909090909092,1,0,0,0,0,1,0,0,0,0,0
11,53,183,172,50,3,2,0,0,0.0,0.8767182069482178,3.9047272727272726,0,1,0,0,1,0,0,0,0,0,0
3,9,26,10,3,6,0,0,0,0.0,0.287817938420348,2.3500000000000005,1,0,0,0,0,1,0,0,0,0,1
2,11,25,21,10,1,1,0,0,0.0,0.6174698795180722,3.750000000000001,0,1,0,0,1,0,0,0,0,0,1
16,67,233,165,48,19,8,4,1,0.0,0.5256696376331165,3.1253125,0,1,0,0,1,0,0,0,0,0,1
13,49,174,168,47,2,1,0,0,0.0,0.8203036408550772,3.429384615384616,0,1,0,0,0,0,1,0,0,0,0
2,9,29,6,3,6,1,0,0,0.0,0.2710843373493975,2.1375,0,1,0,0,1,0,0,0,0,0,1
4,16,55,43,13,3,2,1,0,0.0,0.7065763052208834,3.277,1,0,0,0,1,0,0,0,0,0,1
4,20,65,25,10,10,4,1,1,0.0,0.4028614457831325,2.2070000000000007,0,1,0,0,1,0,0,0,0,0,0
9,48,157,110,36,12,4,2,1,0.0,0.638065489471112,3.130888888888889,1,0,0,0,0,1,0,0,0,0,0
1,5,14,3,2,3,0,0,0,0.0,0.180722891566265,2.4,1,0,0,0,0,0,1,0,0,0,1
8,44,137,102,35,9,4,3,1,0.0,0.7269793459552495,3.398625,0,1,0,0,1,0,0,0,0,0,0
12,52,172,172,51,1,0,0,0,0.0,0.8715603757019418,3.943,0,1,0,0,1,0,0,0,0,0,0
3,14,49,25,8,6,2,2,0,0.0,0.4585006693440427,2.6616666666666675,1,0,0,0,0,1,0,0,0,0,1
21,58,208,126,36,22,12,6,3,0.0,0.3749400041180386,2.8875238095238096,0,1,0,0,1,0,0,0,0,0,0
5,25,82,78,19,2,1,0,0,0.0,0.8877510040160642,3.758000000000001,1,0,0,0,1,0,0,0,0,0,0
7,26,92,21,8,18,7,5,3,3.0,0.2289156626506023,1.6225714285714292,0,1,0,0,0,1,0,0,0,0,1
2,9,29,21,7,2,0,0,0,0.0,0.7379518072289156,3.137500000000002,1,0,0,0,1,0,0,0,0,0,1
2,9,21,10,5,4,0,0,0,0.0,0.4518072289156626,3.021000000000001,0,1,0,0,1,0,0,0,0,0,1
2,8,29,29,8,0,0,0,0,0.0,0.8584337349397589,3.9250000000000007,0,1,0,0,0,1,0,0,0,0,1
1,4,14,0,0,4,0,0,0,0.0,0.0,0.55,0,1,0,0,1,0,0,0,0,0,1
6,25,88,40,13,12,5,1,1,0.0,0.4263721552878178,2.563666666666667,1,0,0,0,0,1,0,0,0,0,0
1,5,14,0,0,5,0,0,0,0.0,0.0,0.0749999999999991,1,0,0,0,1,0,0,0,0,0,1
17,56,194,161,48,8,8,0,0,0.0,0.61802924294847,3.5808235294117647,0,1,0,0,1,0,0,0,0,0,1
1,4,14,0,0,4,0,0,0,0.0,0.0,1.6,0,1,0,0,1,0,0,0,0,0,1
9,34,120,106,30,4,1,0,0,0.0,0.8534734174794415,1.93525,1,0,0,0,1,0,0,0,0,0,1
6,30,94,90,29,1,1,0,0,0.0,0.9016064257028112,4.300833333333334,0,1,0,0,1,0,0,0,0,0,0
1,4,14,0,0,4,0,0,0,0.0,0.0,0.0500000000000017,0,1,0,0,0,0,1,0,0,0,1
2,5,14,10,3,2,0,0,0,0.0,0.4518072289156626,1.9500000000000008,0,1,0,0,1,0,0,0,0,0,1
8,36,120,112,34,2,1,1,0,0.0,0.8431583476764198,3.5910000000000006,0,1,0,0,0,1,0,0,0,0,0
4,17,49,25,11,6,3,0,0,0.0,0.3953313253012047,3.2775000000000003,1,0,0,0,1,0,0,0,0,0,1
2,9,28,6,3,6,2,0,0,0.0,0.180722891566265,1.6,0,1,0,0,1,0,0,0,0,0,1
2,8,29,21,6,2,2,0,0,0.0,0.4969879518072289,3.4125000000000014,0,0,1,0,1,0,0,0,0,0,0
10,50,163,158,49,1,0,0,0,0.0,0.9337970931344424,4.3913,0,1,0,0,1,0,0,0,0,0,0
8,34,108,84,28,7,5,1,0,0.0,0.5621055651176132,3.3937500000000003,0,1,0,0,1,0,0,0,0,0,0
14,53,178,170,51,2,2,0,0,0.0,0.697593893484599,4.242714285714285,1,0,0,0,1,0,0,0,0,0,0
11,52,187,166,47,5,5,0,0,0.0,0.8266987667316253,3.733454545454545,1,0,0,0,1,0,0,0,0,0,0
2,10,31,13,6,4,1,0,0,0.0,0.4969879518072289,3.0000000000000018,1,0,0,0,0,1,0,0,0,0,0
8,38,110,76,27,10,5,0,0,0.0,0.5288833907056798,3.0711250000000003,1,0,0,0,0,1,0,0,0,0,1
21,76,267,175,53,23,12,6,5,0.0,0.464958707664049,3.041047619047619,0,1,0,0,0,0,1,0,0,0,0
1,4,14,3,1,3,0,0,0,1.0,0.180722891566265,1.875000000000004,0,0,1,0,0,1,0,0,0,0,1
8,19,64,37,10,9,2,1,1,0.0,0.3988005593803786,2.55625,1,0,0,0,1,0,0,0,0,0,1
1,5,14,6,2,3,0,0,0,1.0,0.36144578313253,2.6500000000000017,0,1,0,0,1,0,0,0,0,0,1
3,11,41,6,2,9,3,1,0,0.0,0.2208835341365461,1.1833333333333342,0,1,0,0,0,1,0,0,0,0,1
1,4,14,6,2,2,0,0,0,0.0,0.36144578313253,2.3,0,1,0,0,0,1,0,0,0,0,1
6,14,45,33,10,4,2,0,0,0.0,0.3619477911646585,2.725,1,0,0,0,1,0,0,0,0,0,1
6,14,49,33,10,4,1,1,0,0.0,0.4636880856760374,2.743,0,1,0,0,0,1,0,0,0,0,1
13,37,132,97,27,10,5,1,0,0.0,0.5153258465352997,3.099307692307692,1,0,0,0,1,0,0,0,0,0,1
8,25,90,42,13,12,4,4,2,1.0,0.3963353413654618,2.43225,0,1,0,0,1,0,0,0,0,0,1
14,56,197,161,47,9,7,1,0,0.0,0.6637390506796702,3.2797142857142854,1,0,0,0,1,0,0,0,0,0,0
1,4,14,0,0,4,0,0,0,0.0,0.0,0.6,0,1,0,0,0,1,0,0,0,0,1
1,4,14,3,1,3,0,0,0,1.0,0.180722891566265,2.0500000000000043,1,0,0,0,1,0,0,0,0,0,1
1,4,14,10,3,1,0,0,0,0.0,0.6024096385542168,3.450000000000004,0,1,0,0,1,0,0,0,0,0,0
10,38,129,87,27,11,5,2,1,1.0,0.6674005545993498,3.043,0,1,0,0,1,0,0,0,0,0,1
12,52,175,171,51,1,1,0,0,0.0,0.8684880213494671,4.157666666666667,0,1,0,0,1,0,0,0,0,0,0
2,5,18,10,3,2,0,0,0,0.0,0.4518072289156626,1.7000000000000022,1,0,0,0,1,0,0,0,0,0,0
2,9,29,6,3,6,2,0,0,0.0,0.2710843373493975,1.6125,1,0,0,0,0,0,1,0,0,0,1
3,12,40,14,5,7,3,1,0,0.0,0.4350736278447121,2.0306666666666664,0,1,0,0,1,0,0,0,0,0,1
4,17,57,37,12,5,3,0,0,0.0,0.5635040160642569,2.94325,0,1,0,0,0,1,0,0,0,0,1
18,61,214,163,48,13,8,2,2,0.0,0.4649947439930902,3.036833333333333,1,0,0,0,1,0,0,0,0,0,0
4,15,54,22,6,9,4,1,0,0.0,0.4384203480589022,2.0866666666666664,0,1,0,0,1,0,0,0,0,0,1
2,9,30,22,6,3,1,0,0,0.0,0.6325301204819276,3.350000000000001,0,1,0,0,0,1,0,0,0,0,1
7,39,123,107,35,4,4,0,0,0.0,0.8418162445701171,4.035285714285715,0,1,0,0,1,0,0,0,0,0,0
7,31,107,91,27,4,3,1,0,0.0,0.6891853126792885,3.531857142857143,1,0,0,0,0,1,0,0,0,0,0
1,4,14,6,2,2,0,0,0,0.0,0.36144578313253,2.970000000000004,0,1,0,0,0,0,1,0,0,0,0
3,15,49,41,13,2,0,0,0,0.0,0.8868808567603748,3.033333333333333,0,1,0,0,1,0,0,0,0,0,1
5,26,88,68,21,5,3,1,0,0.0,0.8355421686746987,3.499000000000001,1,0,0,0,1,0,0,0,0,0,0
13,32,116,84,24,8,5,2,1,0.0,0.5078248134318569,3.1359230769230773,0,1,0,0,0,1,0,0,0,0,0
18,61,217,156,45,16,7,2,0,0.0,0.6605794793398148,2.740666666666667,0,1,0,0,0,1,0,0,0,0,0
1,4,14,0,0,4,0,0,0,0.0,0.0,0.0750000000000035,0,1,0,0,0,1,0,0,0,0,1
2,10,28,0,1,9,4,0,0,0.0,0.0,0.7125,0,1,0,0,0,1,0,0,0,0,1
1,5,14,6,3,2,0,0,0,0.0,0.36144578313253,3.325000000000003,0,1,0,0,0,0,1,0,0,0,1
3,10,33,21,7,3,1,0,0,0.0,0.5120481927710843,3.2500000000000013,0,1,0,0,0,1,0,0,0,0,1
9,33,108,94,30,3,2,0,0,0.0,0.7163216357493466,3.509166666666667,0,1,0,0,1,0,0,0,0,0,0
16,61,211,165,50,11,7,2,0,0.0,0.5485878276258547,3.20775,0,1,0,0,0,1,0,0,0,0,1
11,55,183,165,49,6,3,0,0,0.0,0.7672616874424102,3.8318181818181816,1,0,0,0,1,0,0,0,0,0,0
2,8,25,6,3,5,2,0,0,0.0,0.2710843373493975,1.1999999999999995,1,0,0,0,1,0,0,0,0,0,1
3,5,16,13,4,1,1,0,0,0.0,0.3078982597054885,3.083333333333334,0,1,0,0,1,0,0,0,0,0,1
1,4,14,3,1,3,0,0,0,0.0,0.180722891566265,1.5250000000000037,1,0,0,0,1,0,0,0,0,0,1
11,54,183,171,51,3,3,0,0,0.0,0.9002102467327,3.948363636363637,0,1,0,0,0,1,0,0,0,0,0
10,48,152,132,43,5,4,1,0,0.0,0.7183185121438134,3.8074,1,0,0,0,1,0,0,0,0,0,0
10,50,167,167,50,0,0,0,0,0.0,0.8897375215146297,4.2856000000000005,0,1,0,0,0,1,0,0,0,0,0
18,62,217,173,51,11,8,2,1,0.0,0.5399447511129533,3.697166666666666,1,0,0,0,1,0,0,0,0,0,0
16,62,215,167,50,12,6,4,2,0.0,0.4679565592122067,3.3926875,0,1,0,0,1,0,0,0,0,0,0
1,4,14,0,0,4,0,0,0,0.0,0.0,0.0499999999999973,0,1,0,0,0,0,1,0,0,0,1
15,59,201,167,51,8,4,3,1,0.0,0.7193620636391721,3.6494,0,1,0,0,0,0,1,0,0,0,0
1,4,14,6,2,2,0,0,0,0.0,0.36144578313253,2.950000000000004,0,1,0,0,1,0,0,0,0,0,0
1,4,14,0,0,4,0,0,0,1.0,0.0,0.6250000000000018,0,1,0,0,1,0,0,0,0,0,1
1,4,14,0,0,4,0,0,0,0.0,0.0,0.0,0,1,0,0,1,0,0,0,0,0,1
13,55,196,168,48,7,8,0,0,0.0,0.7040193227635303,3.500615384615384,0,1,0,0,0,0,1,0,0,0,0
4,16,61,13,4,12,4,2,2,2.0,0.3024598393574296,1.95125,0,1,0,0,1,0,0,0,0,0,1
3,14,44,9,5,9,4,2,0,0.0,0.2409638554216866,2.033333333333333,0,1,0,0,0,1,0,0,0,0,1
1,3,10,6,2,1,0,0,0,0.0,0.36144578313253,3.600000000000002,0,1,0,0,0,0,1,0,0,0,1
12,48,169,165,47,1,0,0,0,0.0,0.8911745466715345,3.904083333333334,1,0,0,0,1,0,0,0,0,0,1
8,37,124,92,29,8,7,1,0,0.0,0.4894757601835915,3.481625,0,1,0,0,1,0,0,0,0,0,0
4,17,58,23,8,9,4,1,0,0.0,0.4254518072289155,1.6500000000000004,0,1,0,0,1,0,0,0,0,0,1
1,5,14,0,0,5,0,0,0,0.0,0.0,0.8000000000000009,0,1,0,0,0,0,1,0,0,0,1
3,10,33,17,5,5,1,0,0,0.0,0.4852744310575635,2.555333333333334,0,1,0,0,0,1,0,0,0,0,1
4,13,45,21,7,6,2,2,1,1.0,0.3727409638554216,2.61875,1,0,0,0,1,0,0,0,0,0,1
2,7,21,10,4,3,0,0,0,0.0,0.4518072289156626,1.8375,1,0,0,0,0,1,0,0,0,0,1
1,4,14,3,1,3,0,0,0,1.0,0.180722891566265,1.825,0,1,0,0,1,0,0,0,0,0,1
1,1,0,0,1,0,0,0,0,0.0,0.0,0.0,0,1,0,0,0,1,0,0,0,0,1
1,4,14,0,0,4,0,0,0,0.0,0.0,0.0,0,1,0,0,0,1,0,0,0,0,1
14,55,174,89,30,25,12,3,2,0.0,0.3750576016066548,2.698857142857143,0,1,0,0,0,0,1,0,0,0,0
1,3,10,0,0,3,0,0,0,0.0,0.0,1.000000000000004,0,1,0,0,1,0,0,0,0,0,1
2,7,18,10,5,2,0,0,0,0.0,0.4518072289156626,3.2875000000000005,1,0,0,0,1,0,0,0,0,0,1
2,10,29,17,7,3,0,0,0,0.0,0.677710843373494,2.5875000000000004,1,0,0,0,1,0,0,0,0,0,1
4,12,41,13,5,7,2,2,1,1.0,0.3024598393574296,1.65625,1,0,0,0,1,0,0,0,0,0,1
1,5,14,14,5,0,0,0,0,0.0,0.8433734939759036,4.050000000000002,1,0,0,0,1,0,0,0,0,0,1
1,4,14,0,0,4,0,0,0,0.0,0.0,0.1000000000000017,0,1,0,0,1,0,0,0,0,0,1
1,4,14,0,0,4,0,0,0,1.0,0.0,1.475,0,1,0,0,0,1,0,0,0,0,1
15,49,165,114,35,14,5,2,0,0.0,0.5838142064475971,3.032285714285714,0,1,0,0,1,0,0,0,0,0,1
1,4,14,3,1,3,0,0,0,0.0,0.180722891566265,0.8500000000000035,0,1,0,0,0,1,0,0,0,0,1
5,21,73,41,12,9,4,2,0,0.0,0.5335341365461848,3.1470000000000007,0,1,0,0,1,0,0,0,0,0,0
1,4,14,10,3,1,0,0,0,0.0,0.6024096385542168,3.650000000000004,0,1,0,0,0,1,0,0,0,0,0
1,4,14,0,0,4,0,0,0,0.0,0.0,0.0,0,1,0,0,0,1,0,0,0,0,1
2,8,25,17,6,2,0,0,0,0.0,0.677710843373494,3.108500000000003,1,0,0,0,1,0,0,0,0,0,1
11,56,194,170,50,6,4,1,0,0.0,0.8700960868266453,3.630272727272727,1,0,0,0,1,0,0,0,0,0,0
3,12,41,9,4,8,3,2,0,0.0,0.2710843373493975,1.275,1,0,0,0,0,1,0,0,0,0,1
11,40,142,95,28,12,7,2,1,1.0,0.5683918278387062,3.1313636363636363,1,0,0,0,1,0,0,0,0,0,1
1,4,14,3,1,3,0,0,0,1.0,0.180722891566265,1.6750000000000045,0,1,0,0,0,1,0,0,0,0,1
2,19,57,57,19,0,0,0,0,0.0,1.2801204819277108,3.821500000000001,0,1,0,0,0,1,0,0,0,0,1
1,5,14,6,3,2,0,0,0,0.0,0.36144578313253,2.325,0,1,0,0,0,1,0,0,0,0,1
2,10,29,9,5,5,2,0,0,0.0,0.3162650602409638,1.725,0,1,0,0,1,0,0,0,0,0,1
2,9,33,13,4,5,2,0,0,0.0,0.3765060240963854,2.227500000000001,1,0,0,0,1,0,0,0,0,0,1
8,34,104,75,25,9,2,0,0,0.0,0.6903839849192688,2.8165714285714287,0,1,0,0,1,0,0,0,0,0,1
16,66,234,170,50,16,12,4,1,0.0,0.6420426231231954,3.152,1,0,0,0,0,1,0,0,0,0,0
2,9,29,21,7,2,1,0,0,0.0,0.6174698795180722,3.325,0,1,0,0,1,0,0,0,0,0,1
1,4,14,3,1,3,0,0,0,0.0,0.180722891566265,1.8500000000000032,0,1,0,0,1,0,0,0,0,0,1
5,13,47,29,8,5,3,0,0,0.0,0.3772590361445782,2.2707500000000005,0,1,0,0,1,0,0,0,0,0,1
14,54,182,163,49,5,4,0,0,0.0,0.6926811116785299,3.815714285714286,0,1,0,0,0,1,0,0,0,0,0
7,30,101,89,27,2,1,1,0,0.0,0.7815906483075157,3.237250000000001,1,0,0,0,0,1,0,0,0,0,0
2,9,29,9,4,5,2,0,0,0.0,0.3162650602409638,2.6625,0,1,0,0,0,1,0,0,0,0,1
22,74,263,169,49,25,14,6,3,0.0,0.4790361105771211,3.088,0,1,0,0,1,0,0,0,0,0,0
6,33,111,90,27,6,3,2,0,0.0,0.8835341365461846,2.179333333333334,1,0,0,0,0,1,0,0,0,0,1
1,5,14,14,5,0,0,0,0,0.0,0.8433734939759036,3.9250000000000007,0,1,0,0,0,1,0,0,0,0,1
2,9,29,29,8,1,0,0,0,0.0,0.8584337349397589,3.765000000000002,1,0,0,0,1,0,0,0,0,0,0
1,4,14,14,4,0,0,0,0,0.0,0.8433734939759036,3.750000000000004,0,1,0,0,1,0,0,0,0,0,0
23,52,192,151,42,10,6,2,0,0.0,0.4464011641709599,3.406217391304348,1,0,0,0,0,1,0,0,0,0,1
4,14,45,9,5,9,3,2,1,1.0,0.2146084337349397,1.8250000000000008,0,1,0,0,1,0,0,0,0,0,1
11,54,184,172,51,3,3,0,0,0.0,0.870487657042969,3.849727272727273,0,1,0,0,1,0,0,0,0,0,0
13,56,190,169,51,5,5,0,0,0.0,0.7917581080231682,3.820153846153846,1,0,0,0,0,1,0,0,0,0,0
2,7,25,9,3,4,1,0,0,0.0,0.3162650602409638,2.266500000000001,1,0,0,0,1,0,0,0,0,0,0
3,11,25,21,10,1,0,0,0,0.0,0.5923694779116465,3.8723333333333336,0,1,0,0,1,0,0,0,0,0,1
16,46,163,68,20,26,13,6,1,0.0,0.366031861796169,1.925,0,1,0,0,1,0,0,0,0,0,0
4,18,61,33,11,7,4,1,0,0.0,0.5584839357429718,2.3825000000000003,1,0,0,0,0,0,0,0,0,1,1
1,5,14,6,3,2,0,0,0,0.0,0.36144578313253,2.1749999999999994,1,0,0,0,0,1,0,0,0,0,1
1,4,14,0,0,4,0,0,0,0.0,0.0,3.552713678800501e-15,0,1,0,0,0,1,0,0,0,0,1
11,52,176,172,51,1,1,0,0,0.0,0.8934083441202827,4.009636363636364,1,0,0,0,1,0,0,0,0,0,0
3,15,51,32,10,5,1,0,0,0.0,0.6659973226238286,3.115,0,1,0,0,1,0,0,0,0,0,1
1,5,14,6,3,2,0,0,0,0.0,0.36144578313253,2.05,0,1,0,0,0,0,0,0,0,1,1
5,26,88,63,19,7,4,0,0,0.0,0.7240963855421686,3.3248000000000006,0,1,0,0,1,0,0,0,0,0,0
7,36,113,70,24,12,5,2,0,0.0,0.6646586345381525,3.334285714285715,0,0,1,0,1,0,0,0,0,0,0
11,51,172,164,49,2,2,0,0,0.0,0.8936001779649095,4.274818181818183,0,1,0,0,1,0,0,0,0,0,0
5,17,61,45,12,5,2,1,0,0.0,0.6636546184738956,2.6816000000000004,0,1,0,0,1,0,0,0,0,0,1
13,59,193,174,53,6,4,1,1,0.0,1045850.74291525,3.6375,0,1,0,0,1,0,0,0,0,0,1
4,16,45,9,5,11,3,2,1,1.0,0.2146084337349397,1.7882500000000006,0,1,0,0,0,1,0,0,0,0,1
1,4,14,14,4,0,0,0,0,0.0,0.8433734939759036,3.850000000000004,0,1,0,0,1,0,0,0,0,0,0
6,23,81,69,20,3,2,0,0,0.0,0.7220548862115126,3.2305,0,1,0,0,1,0,0,0,0,0,1
11,53,181,173,51,2,2,0,0,0.0,0.8768683549625499,4.025363636363637,1,0,0,0,0,0,1,0,0,0,0
19,62,208,152,48,14,10,4,0,0.0,0.4794692050068042,3.1721052631578948,0,1,0,0,1,0,0,0,0,0,0
4,15,53,13,5,10,3,2,2,2.0,0.3024598393574296,2.110500000000001,0,1,0,0,0,1,0,0,0,0,1
9,41,139,136,38,3,2,0,0,0.0,0.9056771302898668,4.170428571428571,1,0,0,0,0,0,1,0,0,0,0
2,9,33,33,9,0,0,0,0,0.0,0.9186746987951806,4.005000000000002,0,1,0,0,1,0,0,0,0,0,0
7,22,85,49,13,9,3,1,1,1.0,0.6630808950086058,2.765428571428572,0,1,0,0,0,1,0,0,0,0,1
1,4,14,0,0,4,0,0,0,0.0,0.0,1.7763568394002505e-15,0,1,0,0,0,1,0,0,0,0,1
4,13,44,36,11,2,1,0,0,0.0,0.5747991967871485,3.48125,0,1,0,0,1,0,0,0,0,0,1
1,4,14,10,3,1,0,0,0,0.0,0.6024096385542168,3.600000000000004,1,0,0,0,0,1,0,0,0,0,1
13,37,123,56,17,20,7,4,4,0.0,0.3048349292556891,2.778230769230769,0,1,0,0,1,0,0,0,0,0,0
8,32,120,60,17,15,6,4,1,1.0,0.4503908491107286,2.5602500000000004,0,1,0,0,0,1,0,0,0,0,1
2,9,29,17,6,3,1,0,0,0.0,0.5572289156626505,2.975,1,0,0,0,1,0,0,0,0,0,1
2,9,29,6,2,7,2,0,0,0.0,0.2710843373493975,1.1375,0,1,0,0,0,1,0,0,0,0,1
4,15,53,33,10,5,2,2,0,0.0,0.5283634538152611,3.06475,0,1,0,0,1,0,0,0,0,0,1
2,10,33,33,10,0,1,2,0,0.0,0.9186746987951806,4.2775000000000025,0,1,0,0,0,1,0,0,0,0,0
2,8,29,21,6,2,1,0,0,0.0,0.6174698795180722,3.222500000000002,0,1,0,0,1,0,0,0,0,0,0
5,18,65,29,9,9,3,3,1,1.0,0.3801204819277107,2.3616,1,0,0,0,0,1,0,0,0,0,1
3,16,45,21,10,6,2,0,0,0.0,0.4718875502008031,2.661666666666667,0,1,0,0,0,1,0,0,0,0,1
1,5,14,0,0,5,0,0,0,0.0,0.0,0.1500000000000004,0,1,0,0,0,1,0,0,0,0,1
11,52,175,163,49,3,3,0,0,0.0,0.8817995318542963,4.225272727272728,0,1,0,0,0,1,0,0,0,0,0
6,28,85,77,26,2,2,0,0,0.0,0.8157630522088354,3.773,0,1,0,0,1,0,0,0,0,0,0
1,4,14,6,2,2,0,0,0,0.0,0.36144578313253,3.100000000000004,0,1,0,0,1,0,0,0,0,0,0
2,9,29,21,7,2,1,0,0,0.0,0.6174698795180722,3.587500000000002,1,0,0,0,1,0,0,0,0,0,0
1,5,14,0,0,5,0,0,0,1.0,0.0,0.275,1,0,0,0,0,0,0,0,0,1,1
13,59,202,168,50,9,8,0,0,0.0,0.7687358980222743,3.190846153846154,0,1,0,0,0,1,0,0,0,0,0
1,4,14,0,0,4,0,0,0,0.0,0.0,0.6750000000000027,1,0,0,0,0,1,0,0,0,0,1
1,4,14,10,3,1,0,0,0,0.0,0.6024096385542168,3.35,0,1,0,0,0,1,0,0,0,0,1
2,8,26,6,3,5,2,0,0,0.0,0.2710843373493975,1.3875,0,1,0,0,1,0,0,0,0,0,1
3,12,45,21,6,6,3,1,0,0.0,0.3514056224899597,3.0233333333333348,1,0,0,0,0,1,0,0,0,0,0
3,10,33,21,7,3,2,1,0,0.0,0.4317269076305219,3.108333333333333,0,1,0,0,0,1,0,0,0,0,1
2,9,28,0,1,8,4,0,0,0.0,0.0,0.6000000000000005,0,1,0,0,0,0,1,0,0,0,1
1,4,14,6,2,2,0,0,0,0.0,0.36144578313253,2.475000000000004,1,0,0,0,1,0,0,0,0,0,1
5,15,39,13,7,8,3,0,0,0.0,0.23714859437751,2.405,0,1,0,0,1,0,0,0,0,0,1
8,22,83,35,11,13,5,4,2,0.0,0.2927155048766494,2.4728750000000006,1,0,0,0,1,0,0,0,0,0,1
8,33,109,61,21,12,7,2,2,1.0,0.5214339500860584,2.919125,1,0,0,0,1,0,0,0,0,0,0
10,47,164,164,47,0,0,0,0,0.0,0.9407558806655192,4.2942,0,1,0,0,0,1,0,0,0,0,0
2,10,29,29,10,0,0,0,0,0.0,0.8584337349397589,4.357500000000001,1,0,0,0,1,0,0,0,0,0,1
2,10,29,9,5,5,2,0,0,0.0,0.3162650602409638,2.2,0,1,0,0,0,0,1,0,0,0,1
2,7,25,6,2,5,0,0,0,0.0,0.2710843373493975,1.0750000000000008,1,0,0,0,0,1,0,0,0,0,1
7,34,112,96,29,5,4,0,0,0.0,0.6858659126301122,3.9528571428571433,0,1,0,0,1,0,0,0,0,0,0
1,4,14,14,4,0,0,0,0,0.0,0.8433734939759036,3.650000000000004,1,0,0,0,0,1,0,0,0,0,0
2,10,29,9,5,5,2,0,0,0.0,0.3162650602409638,2.7500000000000004,0,1,0,0,1,0,0,0,0,0,1
1,4,14,0,0,4,0,0,0,0.0,0.0,0.6500000000000036,1,0,0,0,0,1,0,0,0,0,1
2,8,25,9,4,5,2,0,0,0.0,0.3162650602409638,1.8750000000000004,1,0,0,0,0,1,0,0,0,0,1
4,17,61,29,9,4,4,0,0,0.0,0.4731425702811244,2.318750000000001,1,0,0,0,1,0,0,0,0,0,0
10,49,166,166,49,0,0,0,0,0.0,0.9846289921591126,4.4005,0,1,0,0,1,0,0,0,0,0,0
11,51,165,137,44,7,7,0,0,0.0,0.6609738837285387,3.8451818181818185,0,1,0,0,1,0,0,0,0,0,0
10,51,177,173,50,1,1,0,0,0.0,0.9228796136928666,4.224,0,1,0,0,1,0,0,0,0,0,0
1,5,14,10,4,1,0,0,0,0.0,0.6024096385542168,3.35,0,1,0,0,0,1,0,0,0,0,1
3,12,45,21,6,6,3,0,0,0.0,0.6325301204819277,2.3673333333333333,1,0,0,0,0,0,1,0,0,0,1
1,4,14,3,1,3,0,0,0,0.0,0.180722891566265,1.6500000000000037,1,0,0,0,0,1,0,0,0,0,1
15,62,213,173,52,10,7,1,1,0.0,0.6976261467225322,3.4484,0,1,0,0,1,0,0,0,0,0,0
12,54,184,172,51,3,3,0,0,0.0,0.8092134048459348,4.01325,1,0,0,0,0,1,0,0,0,0,0
1,4,14,3,1,4,0,0,0,0.0,0.180722891566265,1.6500000000000017,0,1,0,0,1,0,0,0,0,0,1
4,9,28,6,2,7,3,1,0,0.0,0.075301204819277,1.6125000000000005,0,1,0,0,1,0,0,0,0,0,1
1,5,14,3,1,4,0,0,0,0.0,0.180722891566265,1.6249999999999996,0,1,0,0,0,0,0,0,0,1,1
4,15,49,33,10,5,3,0,0,0.0,0.4982429718875502,2.89175,0,1,0,0,1,0,0,0,0,0,1
8,20,73,45,13,7,4,1,0,0.0,0.4696554073436603,2.3325,0,1,0,0,0,1,0,0,0,0,1
3,9,33,25,7,2,0,0,0,0.0,0.6994645247657295,2.6833333333333336,0,1,0,0,0,1,0,0,0,0,1
2,9,21,9,6,3,1,0,0,0.0,0.3162650602409638,3.2625000000000006,1,0,0,0,0,0,1,0,0,0,1
4,11,29,6,2,9,1,0,0,0.0,0.1882530120481927,0.8875000000000005,1,0,0,0,0,1,0,0,0,0,1
14,59,204,172,51,8,6,2,0,0.0,0.8009973866256138,3.670714285714286,0,1,0,0,1,0,0,0,0,0,0
8,27,96,56,17,10,6,2,0,0.0,0.4321751290877796,2.695875,1,0,0,0,0,1,0,0,0,0,1
11,49,168,154,45,3,2,0,0,0.0,0.7419504859263895,3.880454545454546,1,0,0,0,0,1,0,0,0,0,0
4,18,61,33,11,7,4,1,0,0.0,0.458082329317269,2.702000000000001,1,0,0,0,1,0,0,0,0,0,0
2,8,29,9,3,5,2,0,0,0.0,0.3162650602409638,2.250000000000001,1,0,0,0,0,1,0,0,0,0,1
3,11,34,14,5,6,2,0,0,0.0,0.3748326639892904,2.250000000000001,1,0,0,0,1,0,0,0,0,0,1
1,4,14,10,3,1,0,0,0,0.0,0.6024096385542168,3.600000000000004,1,0,0,0,0,1,0,0,0,0,1
6,32,102,98,31,1,1,0,0,0.0,0.9149933065595716,4.290166666666667,1,0,0,0,1,0,0,0,0,0,0
14,59,203,173,51,8,7,0,0,0.0,0.7142969862419087,3.4857857142857145,0,1,0,0,1,0,0,0,0,0,0
11,52,183,171,49,3,3,0,0,0.0,0.8678644131820473,3.6709090909090913,1,0,0,0,1,0,0,0,0,0,0
2,8,25,9,4,4,2,0,0,0.0,0.3162650602409638,2.379,0,1,0,0,1,0,0,0,0,0,1
3,13,48,33,9,4,2,0,0,0.0,0.5923694779116465,3.140000000000001,1,0,0,0,1,0,0,0,0,0,1
12,56,188,164,50,6,5,1,0,0.0,0.8150410081885985,4.069,1,0,0,0,0,1,0,0,0,0,0
7,25,69,33,14,11,4,3,0,0.0,0.4655561019588558,2.0350000000000006,0,1,0,0,1,0,0,0,0,0,1
3,10,37,9,3,7,2,2,0,0.0,0.2710843373493975,1.666666666666668,0,1,0,0,0,1,0,0,0,0,1
2,7,25,6,2,5,3,0,0,0.0,0.180722891566265,2.525,1,0,0,0,0,1,0,0,0,0,1
1,4,14,10,3,1,0,0,0,0.0,0.6024096385542168,3.075,1,0,0,0,1,0,0,0,0,0,1
15,61,200,161,48,13,4,1,0,0.0,0.7232554624454545,2.919909090909091,0,1,0,0,1,0,0,0,0,0,0
3,13,45,17,6,7,2,2,0,0.0,0.3647925033467201,2.2133333333333334,0,1,0,0,0,1,0,0,0,0,1
3,15,42,3,1,14,5,5,0,0.0,0.0200803212851405,0.425,0,1,0,0,0,1,0,0,0,0,1
1,5,14,6,3,2,0,0,0,0.0,0.36144578313253,2.250000000000001,0,1,0,0,1,0,0,0,0,0,1
3,12,41,9,4,8,3,2,0,0.0,0.2710843373493975,1.808333333333333,0,1,0,0,0,0,1,0,0,0,1
1,4,14,0,0,4,0,0,0,0.0,0.0,3.552713678800501e-15,0,1,0,0,0,1,0,0,0,0,1
12,31,113,62,18,13,6,3,0,0.0,0.3869610838737344,2.724333333333334,1,0,0,0,1,0,0,0,0,0,1
1,2,6,6,2,0,0,0,0,0.0,0.36144578313253,4.450000000000002,0,1,0,0,1,0,0,0,0,0,1
1,4,14,0,0,4,0,0,0,0.0,0.0,0.0,0,1,0,0,1,0,0,0,0,0,1
14,59,203,168,50,9,8,2,0,0.0,0.7109155784930311,3.3985,0,1,0,0,1,0,0,0,0,0,0
14,36,124,66,21,15,7,4,2,0.0,0.3635277635923074,2.7860714285714288,0,1,0,0,1,0,0,0,0,0,1
1,5,14,0,0,5,0,0,0,0.0,0.0,0.4250000000000017,1,0,0,0,1,0,0,0,0,0,1
2,9,29,25,8,1,1,0,0,0.0,0.677710843373494,3.7350000000000017,1,0,0,0,1,0,0,0,0,0,0
11,51,174,170,50,1,1,0,0,0.0,0.8935296479108089,4.156272727272728,1,0,0,0,1,0,0,0,0,0,0
1,5,14,3,2,3,0,0,0,0.0,0.180722891566265,2.05,0,1,0,0,0,1,0,0,0,0,1
1,4,14,10,3,1,0,0,0,0.0,0.6024096385542168,3.1,1,0,0,0,0,1,0,0,0,0,1
1,4,14,0,0,4,0,0,0,0.0,0.0,0.0,0,1,0,0,0,0,1,0,0,0,1
14,52,179,158,46,6,5,0,0,0.0,0.6758553050506578,3.7342857142857135,0,1,0,0,0,1,0,0,0,0,0
1,4,14,0,0,4,0,0,0,0.0,0.0,0.975,0,1,0,0,1,0,0,0,0,0,1
12,55,188,164,49,6,5,0,0,0.0,0.7070958799121448,3.484166666666667,0,1,0,0,1,0,0,0,0,0,0
4,16,57,21,7,9,3,2,2,1.0,0.352660642570281,2.2775,0,1,0,0,0,0,1,0,0,0,1
10,49,166,166,49,0,0,0,0,0.0,0.9846289921591126,4.464799999999999,1,0,0,0,1,0,0,0,0,0,0
3,12,41,17,5,7,2,1,0,0.0,0.4049531459170012,2.183333333333333,0,1,0,0,1,0,0,0,0,0,1
5,15,53,29,9,6,4,2,0,0.0,0.352008032128514,3.105,1,0,0,0,0,1,0,0,0,0,1
15,56,193,167,49,7,6,0,0,0.0,0.6588052286847467,3.722333333333333,0,1,0,0,0,1,0,0,0,0,0
17,56,198,166,48,8,9,0,0,0.0,0.6533241436861106,3.3406470588235293,0,1,0,0,1,0,0,0,0,0,0
7,29,86,59,22,7,4,2,0,0.0,0.4374231620358986,3.208285714285714,1,0,0,0,1,0,0,0,0,0,0
1,4,10,0,0,4,0,0,0,0.0,0.0,1.7763568394002505e-15,0,1,0,0,1,0,0,0,0,0,1
3,12,41,13,5,7,3,2,0,0.0,0.2978580990629182,2.272333333333333,1,0,0,0,0,0,1,0,0,0,1
1,4,14,0,0,4,0,0,0,0.0,0.0,0.0,0,1,0,0,1,0,0,0,0,0,1
5,21,68,40,14,7,3,1,1,1.0,0.6425702811244979,2.287000000000001,0,1,0,0,1,0,0,0,0,0,1
4,12,46,14,4,8,2,2,1,1.0,0.379016064257028,1.6332499999999994,1,0,0,0,1,0,0,0,0,0,1
13,60,207,170,50,10,6,2,0,0.0,1.0640601546532964,3.248846153846154,0,1,0,0,1,0,0,0,0,0,0
3,12,41,25,8,4,2,0,0,0.0,0.5789825970548862,2.5526666666666675,0,1,0,0,1,0,0,0,0,0,1
17,57,204,168,48,9,5,4,0,0.0,0.600772118521316,3.293058823529412,0,1,0,0,1,0,0,0,0,0,0
3,9,33,6,2,7,3,2,0,0.0,0.1606425702811244,1.7943333333333342,0,1,0,0,1,0,0,0,0,0,1
1,4,14,0,0,4,0,0,0,0.0,0.0,0.0249999999999991,0,1,0,0,1,0,0,0,0,0,1
5,20,64,13,6,14,3,3,2,2.0,0.3214859437751003,1.5546000000000002,1,0,0,0,1,0,0,0,0,0,1
2,8,25,13,5,3,0,0,0,0.0,0.4969879518072289,2.804000000000002,0,1,0,0,0,1,0,0,0,0,1
1,5,14,10,4,1,0,0,0,0.0,0.6024096385542168,3.6500000000000017,0,1,0,0,0,1,0,0,0,0,1
1,5,14,6,3,2,0,0,0,0.0,0.36144578313253,2.125000000000001,0,1,0,0,1,0,0,0,0,0,1
12,53,177,173,51,2,1,0,0,0.0,0.9190222288866866,4.278583333333334,1,0,0,0,0,0,0,0,1,0,0
1,4,14,0,0,4,0,0,0,0.0,0.0,3.552713678800501e-15,0,1,0,0,1,0,0,0,0,0,1
1,4,14,6,2,2,0,0,0,0.0,0.36144578313253,2.9749999999999983,0,1,0,0,0,1,0,0,0,0,1
11,46,163,163,46,0,0,0,0,0.0,0.9337541363143772,4.087833333333333,1,0,0,0,1,0,0,0,0,0,0
13,54,181,173,51,3,3,0,0,0.0,0.8485657967817374,3.677307692307693,1,0,0,0,0,0,1,0,0,0,0
6,30,87,79,28,2,2,0,0,0.0,0.7941767068273091,3.988000000000002,1,0,0,0,1,0,0,0,0,0,0
3,9,29,21,7,2,0,0,0,0.0,0.5271084337349398,1.991500000000001,0,1,0,0,1,0,0,0,0,0,1
1,4,14,3,1,3,0,0,0,0.0,0.180722891566265,1.5000000000000036,0,1,0,0,0,1,0,0,0,0,1
8,43,128,87,32,11,6,0,0,0.0,0.6339375358577165,3.4887500000000005,0,1,0,0,1,0,0,0,0,0,0
11,51,176,156,46,5,3,1,0,0.0,0.8890414076613419,3.4212727272727275,1,0,0,0,1,0,0,0,0,0,0
8,39,124,93,31,8,5,0,0,0.0,0.6639683734939759,3.4722500000000003,1,0,0,0,1,0,0,0,0,0,0
6,11,29,27,8,3,0,0,0,0.0,0.4335341365461847,1.760000000000001,0,1,0,0,1,0,0,0,0,0,0
2,9,29,21,7,2,0,0,0,0.0,0.7379518072289156,2.7125,0,1,0,0,0,1,0,0,0,0,1
5,15,53,21,7,8,2,2,0,0.0,0.3809236947791164,2.2684,0,1,0,0,1,0,0,0,0,0,1
15,61,211,136,42,19,10,4,2,1.0,0.5775047799144184,2.7596000000000003,1,0,0,0,0,0,1,0,0,0,1
1,4,14,0,0,4,0,0,0,0.0,0.0,3.108624468950439e-15,0,1,0,0,1,0,0,0,0,0,1
2,10,29,9,5,5,2,0,0,0.0,0.3162650602409638,2.2500000000000004,0,1,0,0,0,1,0,0,0,0,1
2,9,29,6,2,7,2,0,0,0.0,0.2710843373493975,1.3,1,0,0,0,1,0,0,0,0,0,1
1,4,14,0,0,4,0,0,0,1.0,0.0,1.525,0,1,0,0,1,0,0,0,0,0,1
1,5,14,0,0,5,0,0,0,0.0,0.0,1.7763568394002505e-15,0,1,0,0,0,1,0,0,0,0,1
3,11,37,21,7,4,1,1,0,0.0,0.5120481927710843,2.469333333333333,1,0,0,0,1,0,0,0,0,0,1
13,55,190,174,51,4,3,0,0,0.0,0.6883127813387312,3.8117692307692312,1,0,0,0,1,0,0,0,0,0,0
16,54,186,150,45,9,5,2,0,0.0,0.5275496027566811,3.3601875,0,0,1,0,1,0,0,0,0,0,0
3,10,33,9,4,6,2,2,0,0.0,0.2710843373493975,1.4473333333333336,1,0,0,0,0,1,0,0,0,0,1
14,54,191,163,47,7,4,2,0,0.0,0.6496306093982513,3.4565714285714284,1,0,0,0,1,0,0,0,0,0,0
6,31,101,90,28,3,3,0,0,0.0,0.8860441767068273,3.926333333333334,0,0,1,0,1,0,0,0,0,0,0
2,6,22,6,2,4,2,0,0,0.0,0.2710843373493975,1.475000000000002,1,0,0,0,1,0,0,0,0,0,1
3,13,45,17,6,7,3,1,0,0.0,0.4049531459170012,2.254,0,1,0,0,0,1,0,0,0,0,1
1,4,14,10,3,1,0,0,0,0.0,0.6024096385542168,3.675000000000004,0,1,0,0,0,1,0,0,0,0,1
1,4,14,0,0,4,0,0,0,0.0,0.0,3.552713678800501e-15,0,1,0,0,0,1,0,0,0,0,1
8,23,80,44,14,9,4,2,1,0.0,0.3925882099827882,3.18875,0,1,0,0,0,1,0,0,0,0,1
11,56,193,170,50,6,5,0,0,0.0,0.7932019301132115,3.803363636363637,1,0,0,0,1,0,0,0,0,0,0
12,55,188,160,48,7,6,1,0,0.0,0.6983607228336144,3.7119166666666654,1,0,0,0,1,0,0,0,0,0,0
1,4,14,0,0,4,0,0,0,0.0,0.0,0.1750000000000035,0,1,0,0,0,1,0,0,0,0,1
2,8,25,9,4,4,2,0,0,0.0,0.3162650602409638,2.4210000000000003,0,1,0,0,0,0,1,0,0,0,1
6,20,69,41,13,7,3,1,0,0.0,0.6228246318607763,2.7945,1,0,0,0,1,0,0,0,0,0,1
1,4,14,6,2,2,0,0,0,0.0,0.36144578313253,2.95,1,0,0,0,0,1,0,0,0,0,1
18,66,232,166,49,17,13,2,3,0.0,0.6188976590361541,3.0581111111111112,0,1,0,0,0,1,0,0,0,0,0
1,4,14,0,0,4,0,0,0,1.0,0.0,0.1750000000000017,1,0,0,0,1,0,0,0,0,0,1
13,52,174,164,49,3,2,0,0,0.0,0.6961359359413113,3.9014615384615374,0,1,0,0,1,0,0,0,0,0,0
1,5,14,0,0,5,0,0,0,0.0,0.0,0.35,0,1,0,0,0,1,0,0,0,0,1
14,50,180,111,33,17,9,5,0,0.0,0.4865631953626789,2.8747857142857143,0,1,0,0,0,1,0,0,0,0,0
6,28,88,72,22,6,1,0,0,0.0,0.7891566265060239,2.3910000000000022,0,1,0,0,0,0,1,0,0,0,0
3,12,33,29,11,1,1,0,0,0.0,0.5354752342704149,3.664333333333334,0,1,0,0,1,0,0,0,0,0,1
3,12,41,17,6,6,3,2,0,0.0,0.324631860776439,2.797333333333333,0,1,0,0,0,1,0,0,0,0,1
11,42,125,100,34,8,4,1,0,0.0,0.5479647831783647,3.3774545454545457,0,1,0,0,1,0,0,0,0,0,0
1,5,14,0,0,5,0,0,0,0.0,0.0,0.0,1,0,0,0,1,0,0,0,0,0,1
6,22,76,40,13,9,4,2,0,0.0,0.430722891566265,2.3236666666666665,0,1,0,0,1,0,0,0,0,0,1
3,10,33,9,4,6,2,2,0,0.0,0.2710843373493975,2.1083333333333334,1,0,0,0,0,1,0,0,0,0,1
3,14,47,43,13,1,0,0,0,0.0,0.8801874163319946,3.550000000000001,0,1,0,0,1,0,0,0,0,0,1
4,12,43,13,4,8,2,2,1,1.0,0.2723393574297188,1.65625,0,0,1,0,0,0,1,0,0,0,1
1,4,14,14,4,0,0,0,0,0.0,0.8433734939759036,4.249999999999999,0,1,0,0,1,0,0,0,0,0,1
1,4,14,0,0,4,0,0,0,0.0,0.0,1.6,1,0,0,0,1,0,0,0,0,0,1
1,5,14,0,1,4,0,0,0,0.0,0.0,0.2000000000000035,1,0,0,0,0,0,1,0,0,0,1
3,10,33,13,5,5,2,1,0,0.0,0.4183400267737616,2.158333333333333,1,0,0,0,0,0,0,0,0,1,1
7,35,122,88,26,9,5,0,0,0.0,0.7389968035406934,3.235285714285715,1,0,0,0,1,0,0,0,0,0,0
2,9,33,13,4,5,2,0,0,0.0,0.3765060240963854,2.3750000000000018,1,0,0,0,1,0,0,0,0,0,1
4,15,57,29,8,7,4,0,0,0.0,0.4329819277108432,2.6095000000000006,0,1,0,0,0,1,0,0,0,0,0
1,4,14,3,1,3,0,0,0,1.0,0.180722891566265,2.225000000000004,0,1,0,0,0,1,0,0,0,0,1
9,43,127,64,23,20,8,4,1,1.0,0.6008743970591359,2.1650000000000005,1,0,0,0,0,1,0,0,0,0,1
1,4,14,0,0,4,0,0,0,0.0,0.0,0.2750000000000027,1,0,0,0,0,1,0,0,0,0,1
5,24,68,29,12,10,3,0,0,0.0,0.5206827309236947,2.523000000000001,0,1,0,0,0,1,0,0,0,0,1
20,70,250,173,51,19,12,6,2,0.0,0.470350852485117,2.9898,0,1,0,0,0,1,0,0,0,0,0
1,5,14,0,0,5,0,0,0,0.0,0.0,0.0,0,1,0,0,0,0,1,0,0,0,1
8,37,120,111,33,3,1,0,0,0.0,0.8414909638554217,3.303750000000001,0,1,0,0,0,1,0,0,0,0,0
15,57,196,163,48,9,5,2,0,0.0,0.6848435255061761,3.750333333333333,1,0,0,0,0,0,1,0,0,0,0
3,11,41,13,4,7,2,1,1,1.0,0.3380187416331994,1.531666666666667,1,0,0,0,1,0,0,0,0,0,1
12,28,99,53,16,12,6,4,0,0.0,0.3563635856557542,1.9590833333333333,0,1,0,0,1,0,0,0,0,0,1
10,49,173,173,49,0,0,0,0,0.0,0.9962373302734748,4.1079,0,1,0,0,1,0,0,0,0,0,0
1,5,14,3,2,3,0,0,0,0.0,0.180722891566265,1.325,1,0,0,0,0,0,0,0,0,1,1
19,62,224,134,39,23,10,6,4,2.0,0.4810912157460645,2.839894736842105,0,1,0,0,1,0,0,0,0,0,0
3,12,41,21,7,5,2,1,0,0.0,0.5120481927710843,2.3443333333333336,0,1,0,0,1,0,0,0,0,0,1
1,4,14,0,0,4,0,0,0,1.0,0.0,1.3000000000000018,1,0,0,0,0,0,1,0,0,0,1
10,49,165,165,49,0,0,0,0,0.0,0.9350521132147638,4.1077,1,0,0,0,1,0,0,0,0,0,0
9,18,65,25,8,10,4,2,1,1.0,0.2901792354603599,1.4194444444444445,0,1,0,0,0,1,0,0,0,0,1
1,4,14,0,0,4,0,0,0,0.0,0.0,0.2999999999999991,0,1,0,0,0,1,0,0,0,0,1
11,36,127,88,25,11,5,2,0,0.0,0.5023492237347659,2.879545454545455,0,1,0,0,0,1,0,0,0,0,0
3,11,37,13,5,6,3,1,0,0.0,0.3380187416331994,2.341666666666667,1,0,0,0,1,0,0,0,0,0,1
8,23,72,38,13,10,4,1,0,0.0,0.4176297024834029,2.396,0,1,0,0,1,0,0,0,0,0,1
7,38,112,96,32,5,3,0,0,0.0,0.804483239078764,3.6921428571428576,0,1,0,0,0,0,1,0,0,0,0
2,9,28,17,6,3,1,0,0,0.0,0.5572289156626505,3.1875,1,0,0,0,0,1,0,0,0,0,1
1,5,14,14,5,0,0,0,0,0.0,0.8433734939759036,4.100000000000003,0,1,0,0,1,0,0,0,0,0,1
17,61,212,168,50,11,6,2,1,0.0,0.5770101837476874,3.471058823529412,0,1,0,0,1,0,0,0,0,0,0
2,9,30,14,5,4,2,0,0,0.0,0.3915662650602409,2.4624999999999995,1,0,0,0,1,0,0,0,0,0,1
3,14,37,10,4,10,2,0,0,0.0,0.3681392235609103,1.8390000000000009,0,1,0,0,1,0,0,0,0,0,1
5,22,77,69,20,2,1,0,0,0.0,0.875,3.192000000000002,0,1,0,0,0,1,0,0,0,0,0
4,13,46,18,6,7,2,2,0,0.0,0.3237951807228915,2.5,1,0,0,0,1,0,0,0,0,0,1
5,25,82,78,24,1,1,0,0,0.0,0.916867469879518,4.162000000000001,0,1,0,0,0,0,1,0,0,0,0
1,4,14,0,0,4,0,0,0,0.0,0.0,0.0,0,1,0,0,1,0,0,0,0,0,1
2,8,25,6,3,5,1,0,0,0.0,0.2710843373493975,2.012500000000003,0,1,0,0,1,0,0,0,0,0,1
2,9,33,21,6,3,2,0,0,0.0,0.4969879518072289,3.115000000000002,0,1,0,0,1,0,0,0,0,0,0
18,62,211,167,50,12,8,3,0,0.0,0.5340524870261463,3.4634444444444443,0,1,0,0,1,0,0,0,0,0,0
12,53,170,132,43,9,8,0,0,0.0,0.5284509249117683,3.691666666666667,0,1,0,0,1,0,0,0,0,0,0
1,4,14,0,0,4,0,0,0,0.0,0.0,1.5000000000000036,1,0,0,0,0,1,0,0,0,0,1
3,10,33,17,6,4,2,0,0,0.0,0.4049531459170012,2.4723333333333333,0,1,0,0,1,0,0,0,0,0,1
1,4,14,6,2,2,0,0,0,0.0,0.36144578313253,2.925,1,0,0,0,1,0,0,0,0,0,1
2,9,33,6,2,7,2,0,0,0.0,0.2710843373493975,1.645,1,0,0,0,1,0,0,0,0,0,1
1,4,14,0,0,4,0,0,0,0.0,0.0,0.0,0,1,0,0,1,0,0,0,0,0,1
3,12,41,13,5,7,3,2,0,0.0,0.2978580990629182,2.289,0,1,0,0,0,0,0,0,0,1,1
1,4,14,0,0,4,0,0,0,0.0,0.0,0.0,0,1,0,0,1,0,0,0,0,0,1
5,21,74,40,12,9,4,1,0,0.0,0.5803212851405621,3.016,0,1,0,0,1,0,0,0,0,0,1
2,7,25,25,7,0,0,0,0,0.0,0.7981927710843373,3.721,0,1,0,0,1,0,0,0,0,0,1
3,16,51,27,9,7,3,0,0,0.0,0.5923694779116465,3.026666666666668,1,0,0,0,1,0,0,0,0,0,0
21,60,214,169,48,12,5,3,1,1.0,0.6681355851210856,3.1062857142857143,0,1,0,0,1,0,0,0,0,0,0
13,60,197,175,52,8,3,0,0,0.0,0.7426072665878041,3.5866153846153845,1,0,0,0,1,0,0,0,0,0,0
2,7,25,9,3,4,2,0,0,0.0,0.3162650602409638,1.862500000000002,0,1,0,0,0,1,0,0,0,0,1
9,49,155,102,34,15,9,3,0,0.0,0.635550137056161,3.055,1,0,0,0,1,0,0,0,0,0,0
10,49,156,156,49,0,0,0,0,0.0,0.9079078217632434,4.597,1,0,0,0,1,0,0,0,0,0,0
2,7,25,6,2,5,2,0,0,0.0,0.2710843373493975,1.571000000000002,1,0,0,0,0,1,0,0,0,0,1
4,14,53,33,9,5,2,0,0,0.0,0.6287650602409638,2.5605,0,1,0,0,0,0,1,0,0,0,1
3,15,49,41,13,2,0,0,0,0.0,0.8467202141900936,3.633333333333334,1,0,0,0,0,1,0,0,0,0,1
5,17,60,40,12,5,4,0,0,0.0,0.5110441767068272,2.5934,0,1,0,0,1,0,0,0,0,0,1
1,5,14,0,0,5,0,0,0,0.0,0.0,0.1750000000000017,0,1,0,0,0,0,0,1,0,0,1
9,21,64,35,11,10,4,0,0,0.0,0.3852314017976668,1.0371428571428571,1,0,0,0,1,0,0,0,0,0,1
1,5,14,3,2,3,0,0,0,0.0,0.180722891566265,1.7000000000000008,1,0,0,0,0,0,0,0,0,1,1
4,15,49,20,7,8,3,1,1,1.0,0.3714859437751003,2.14375,1,0,0,0,0,1,0,0,0,0,1
13,50,175,167,48,2,2,0,0,0.0,0.8147632796613333,3.9273846153846153,0,1,0,0,1,0,0,0,0,0,0
4,18,57,21,9,9,4,1,0,0.0,0.493222891566265,2.2012500000000004,0,1,0,0,0,1,0,0,0,0,0
5,21,73,42,13,8,3,2,0,0.0,0.4546184738955823,2.6510000000000007,1,0,0,0,1,0,0,0,0,0,0
5,13,42,30,10,3,1,0,0,0.0,0.4578313253012047,2.8484000000000003,0,1,0,0,1,0,0,0,0,0,1
15,63,225,162,47,16,13,3,0,0.0,0.5693742112416811,3.108,0,1,0,0,0,1,0,0,0,0,0
11,51,160,144,41,10,4,0,0,0.0,0.7147075116680811,3.840818181818182,1,0,0,0,0,1,0,0,0,0,0
1,4,14,0,0,4,0,0,0,0.0,0.0,0.075,1,0,0,0,0,1,0,0,0,0,1
5,21,72,48,15,6,3,1,0,0.0,0.6548192771084337,3.0582000000000007,1,0,0,0,1,0,0,0,0,0,1
3,13,44,24,8,5,2,1,1,1.0,0.5321285140562249,2.6333333333333333,1,0,0,0,0,1,0,0,0,0,1
14,56,187,163,50,6,3,1,1,0.0,0.7609068713844961,3.579214285714286,0,1,0,0,0,0,1,0,0,0,0
10,53,184,172,50,3,3,0,0,0.0,1.3492924077261426,3.9899,1,0,0,0,1,0,0,0,0,0,0
15,57,201,157,46,11,9,2,0,0.0,0.5148198856030181,3.606533333333333,1,0,0,0,1,0,0,0,0,0,0
1,4,14,0,0,4,0,0,0,0.0,0.0,0.0,0,1,0,0,1,0,0,0,0,0,1
1,4,14,0,0,4,0,0,0,0.0,0.0,0.6249999999999991,0,1,0,0,0,1,0,0,0,0,1
22,66,226,140,41,25,13,6,1,0.0,0.4181178240248039,2.7454545454545456,0,1,0,0,1,0,0,0,0,0,0
1,4,14,3,1,3,0,0,0,0.0,0.180722891566265,2.475,0,1,0,0,0,1,0,0,0,0,1
9,31,123,72,21,13,5,3,2,0.0,0.6080273474851787,3.005777777777778,1,0,0,0,1,0,0,0,0,0,1
16,65,228,173,51,14,9,3,1,0.0,0.6031955149519155,3.4011875,1,0,0,0,0,1,0,0,0,0,0
12,35,120,80,23,12,5,1,1,1.0,0.5401930593948666,2.98725,0,1,0,0,0,1,0,0,0,0,1
3,12,42,14,5,7,3,1,0,0.0,0.4350736278447121,2.3556666666666666,0,1,0,0,1,0,0,0,0,0,1
3,10,33,9,4,6,2,2,0,0.0,0.2710843373493975,1.8,0,1,0,0,0,1,0,0,0,0,1
13,59,211,166,48,11,7,2,1,0.0,0.6651272216610492,3.316076923076923,0,1,0,0,1,0,0,0,0,0,0
2,8,25,10,3,5,1,0,0,0.0,0.4518072289156626,1.8875000000000013,1,0,0,0,1,0,0,0,0,0,1
13,57,194,166,50,7,7,0,0,0.0,0.7444973160913846,3.749846153846154,1,0,0,0,1,0,0,0,0,0,0
2,5,17,9,3,2,0,0,0,0.0,0.3162650602409638,3.375000000000001,1,0,0,0,0,0,1,0,0,0,1
12,44,155,88,27,17,10,3,1,1.0,0.4966732007394658,2.8553333333333337,0,1,0,0,1,0,0,0,0,0,1
8,38,115,107,36,2,1,0,0,0.0,0.8250860585197933,3.9470000000000014,1,0,0,0,0,1,0,0,0,0,0
3,12,38,19,7,5,2,0,0,0.0,0.4986613119143239,1.958333333333333,1,0,0,0,0,1,0,0,0,0,1
1,3,10,6,2,1,0,0,0,0.0,0.36144578313253,2.7,1,0,0,0,1,0,0,0,0,0,1
17,55,203,156,44,11,6,3,0,0.0,0.6644145281167417,3.328235294117647,0,1,0,0,1,0,0,0,0,0,0
3,13,44,9,4,9,4,2,0,0.0,0.2409638554216866,1.9833333333333327,1,0,0,0,0,0,1,0,0,0,1
1,4,14,3,1,3,0,0,0,0.0,0.180722891566265,1.5250000000000037,0,1,0,0,1,0,0,0,0,0,1
12,56,192,172,51,5,4,1,0,0.0,0.8078844961375081,3.832333333333333,1,0,0,0,1,0,0,0,0,0,0
1,4,14,6,2,2,0,0,0,0.0,0.36144578313253,3.5250000000000017,0,1,0,0,0,1,0,0,0,0,1
1,5,14,6,3,2,0,0,0,0.0,0.36144578313253,2.6750000000000025,1,0,0,0,1,0,0,0,0,0,1
12,52,167,155,48,4,4,0,0,0.0,0.8590317257485931,4.041666666666667,0,1,0,0,1,0,0,0,0,0,0
3,14,49,29,9,5,1,1,0,0.0,0.6057563587684069,3.03,0,1,0,0,1,0,0,0,0,0,1
15,59,210,163,47,12,8,3,1,0.0,0.6533336698999349,3.4170000000000003,1,0,0,0,1,0,0,0,0,0,0
5,23,84,56,16,7,4,1,0,0.0,0.6861445783132529,3.3280000000000007,0,1,0,0,1,0,0,0,0,0,0
7,22,81,41,12,10,7,1,0,0.0,0.4576059339398409,2.3714285714285714,1,0,0,0,0,1,0,0,0,0,1
4,13,45,13,5,8,3,2,1,1.0,0.2723393574297188,1.975,0,1,0,0,1,0,0,0,0,0,1
9,37,125,92,29,8,3,1,0,0.0,0.6629746499224409,3.346333333333333,1,0,0,0,1,0,0,0,0,0,1
2,9,31,27,8,1,1,0,0,0.0,0.7078313253012047,3.6400000000000015,1,0,0,0,1,0,0,0,0,0,0
7,27,99,44,13,14,5,4,1,0.0,0.4944266863371854,1.979714285714285,1,0,0,0,1,0,0,0,0,0,1
1,4,14,0,0,4,0,0,0,0.0,0.0,1.0000000000000018,1,0,0,0,0,1,0,0,0,0,1
2,7,25,6,2,5,1,0,0,0.0,0.2710843373493975,1.5125,0,1,0,0,1,0,0,0,0,0,1
1,4,14,0,0,4,0,0,0,0.0,0.0,0.1500000000000035,0,1,0,0,0,0,0,0,0,1,1
11,50,169,169,50,0,0,0,0,0.0,0.8907825319380631,4.398,1,0,0,0,1,0,0,0,0,0,0
2,8,21,17,7,1,1,0,0,0.0,0.5572289156626505,4.204000000000001,1,0,0,0,0,1,0,0,0,0,1
2,9,29,17,6,3,1,0,0,0.0,0.5572289156626505,2.975,1,0,0,0,1,0,0,0,0,0,1
14,47,160,122,35,12,6,1,0,0.0,0.431035401775505,3.387857142857143,0,1,0,0,1,0,0,0,0,0,0
4,11,41,13,4,7,2,1,1,1.0,0.3627008032128513,1.81875,0,1,0,0,0,1,0,0,0,0,1
11,51,163,159,50,1,1,0,0,0.0,0.888846412805887,4.1850000000000005,1,0,0,0,0,1,0,0,0,0,0
1,4,14,7,3,2,0,0,0,0.0,0.4216867469879518,2.580000000000004,0,1,0,0,1,0,0,0,0,0,0
13,53,185,173,50,3,3,0,0,0.0,0.787434157336845,4.052307692307692,0,1,0,0,1,0,0,0,0,0,0
4,14,49,17,6,8,2,2,2,2.0,0.3376004016064256,2.31875,0,1,0,0,1,0,0,0,0,0,1
5,16,59,28,8,8,3,1,1,1.0,0.4590361445783132,1.8966000000000007,1,0,0,0,1,0,0,0,0,0,1
1,5,14,6,3,2,0,0,0,0.0,0.36144578313253,2.375,1,0,0,0,1,0,0,0,0,0,1
1,5,14,3,2,3,0,0,0,0.0,0.180722891566265,2.35,1,0,0,0,0,0,1,0,0,0,1
10,50,162,98,32,18,11,1,0,0.0,0.7976668579078217,2.7403,1,0,0,0,1,0,0,0,0,0,1
13,54,192,171,49,5,2,1,0,0.0,0.8564390120228859,3.8702307692307696,1,0,0,0,0,0,1,0,0,0,0
22,74,269,157,46,28,18,5,1,0.0,0.4421731670050162,2.6808181818181818,0,1,0,0,1,0,0,0,0,0,0
1,4,14,14,4,0,0,0,0,0.0,0.8433734939759036,4.025000000000004,0,1,0,0,1,0,0,0,0,0,1
2,7,17,17,7,0,0,0,0,0.0,0.677710843373494,4.3500000000000005,1,0,0,0,1,0,0,0,0,0,1
2,6,21,21,6,0,0,0,0,0.0,0.6325301204819277,4.300000000000003,0,1,0,0,1,0,0,0,0,0,0
14,57,195,183,54,3,3,0,0,0.0,0.7869615802059863,3.954214285714286,1,0,0,0,0,1,0,0,0,0,0
11,35,121,86,25,9,5,2,1,1.0,0.5334082844123004,2.708555555555556,0,1,0,0,1,0,0,0,0,0,1
12,50,168,168,50,0,0,0,0,0.0,0.8675711141825598,4.3012500000000005,0,1,0,0,1,0,0,0,0,0,0
13,53,186,172,50,3,2,1,0,0.0,0.9241938709888888,3.7976666666666654,1,0,0,0,0,1,0,0,0,0,0
11,54,177,157,49,5,4,1,0,0.0,0.8709693160678921,3.976636363636364,0,1,0,0,1,0,0,0,0,0,0
1,4,14,3,1,3,0,0,0,1.0,0.180722891566265,0.75,1,0,0,0,0,1,0,0,0,0,1
13,52,177,164,49,3,3,0,0,0.0,0.746828717055779,3.9524615384615385,1,0,0,0,0,0,1,0,0,0,0
1,4,14,0,0,4,0,0,0,1.0,0.0,0.1750000000000035,0,1,0,0,1,0,0,0,0,0,1
4,16,52,33,11,5,1,0,0,0.0,0.6890060240963854,2.806250000000001,1,0,0,0,0,1,0,0,0,0,1
1,4,14,10,3,1,0,0,0,0.0,0.6024096385542168,3.4000000000000035,0,1,0,0,1,0,0,0,0,0,0
4,12,44,13,4,8,3,2,1,1.0,0.2497489959839356,1.5417500000000004,0,1,0,0,0,1,0,0,0,0,1
11,51,174,170,50,1,1,0,0,0.0,0.8865797704790037,4.23290909090909,1,0,0,0,0,1,0,0,0,0,0
4,14,51,6,2,12,3,3,2,2.0,0.1882530120481927,1.3687500000000006,0,1,0,0,1,0,0,0,0,0,1
14,44,150,137,41,3,3,0,0,0.0,0.564205337118418,3.892642857142857,1,0,0,0,0,1,0,0,0,0,0
14,63,210,168,51,12,11,0,0,0.0,0.7072582108081248,3.340428571428572,1,0,0,0,1,0,0,0,0,0,1
1,4,14,0,0,4,0,0,0,0.0,0.0,0.7750000000000027,0,1,0,0,1,0,0,0,0,0,1
5,18,60,13,5,13,6,3,0,0.0,0.2190763052208835,1.2284,0,1,0,0,0,0,1,0,0,0,1
2,9,30,6,2,7,2,0,0,0.0,0.2710843373493975,0.975,0,1,0,0,1,0,0,0,0,0,1
1,4,14,6,2,2,0,0,0,0.0,0.36144578313253,2.674999999999999,0,1,0,0,0,1,0,0,0,0,1
2,9,29,10,4,5,1,0,0,0.0,0.4518072289156626,2.1,1,0,0,0,0,0,0,0,0,1,1
10,53,181,173,51,2,2,0,0,0.0,0.9283562822719448,4.017,0,1,0,0,1,0,0,0,0,0,0
3,11,37,13,5,6,3,1,0,0.0,0.2978580990629182,2.211000000000001,1,0,0,0,0,0,1,0,0,0,1
3,13,45,17,5,7,2,2,1,0.0,0.324631860776439,2.785000000000001,0,1,0,0,1,0,0,0,0,0,0
12,47,171,146,41,6,3,1,0,0.0,0.7229256129858538,3.671583333333334,0,1,0,0,1,0,0,0,0,0,0
10,27,91,55,18,9,3,3,0,0.0,0.4447658358300928,2.975888888888889,0,1,0,0,1,0,0,0,0,0,1
1,4,14,6,2,2,0,0,0,0.0,0.36144578313253,2.1,1,0,0,0,0,1,0,0,0,0,1
7,15,53,25,8,7,5,0,0,0.0,0.3441316285550364,2.113142857142857,0,1,0,0,1,0,0,0,0,0,1
10,32,113,70,20,12,5,2,0,0.0,0.6021825396825397,2.8846,0,1,0,0,1,0,0,0,0,0,0
2,8,22,6,2,6,2,0,0,0.0,0.2710843373493975,1.15,1,0,0,0,0,1,0,0,0,0,1
6,25,90,56,15,10,4,0,0,0.0,0.7309236947791163,1.6847500000000006,0,1,0,0,1,0,0,0,0,0,1
3,12,45,37,10,2,2,0,0,0.0,0.7797858099062918,3.9376666666666655,1,0,0,0,0,1,0,0,0,0,1
4,14,33,33,14,0,0,0,0,0.0,0.6664156626506024,4.204000000000001,0,1,0,0,1,0,0,0,0,0,1
1,5,14,0,0,5,0,0,0,1.0,0.0,1.7763568394002505e-15,1,0,0,0,0,1,0,0,0,0,1
4,19,56,22,8,11,3,2,0,0.0,0.5697791164658634,1.8437500000000004,0,1,0,0,1,0,0,0,0,0,1
3,10,37,29,8,2,0,0,0,0.0,0.6375502008032128,3.3595,0,1,0,0,0,0,1,0,0,0,1
22,69,248,171,50,19,10,6,2,0.0,0.5101094629019868,2.877272727272727,0,1,0,0,0,0,1,0,0,0,0
4,13,48,6,2,11,4,2,1,1.0,0.1882530120481927,0.6519999999999999,0,1,0,0,1,0,0,0,0,0,1
13,65,217,176,53,12,8,2,1,0.0,0.727573991244056,3.607615384615385,1,0,0,0,1,0,0,0,0,0,0
21,77,275,173,51,26,16,6,2,0.0,0.5476895679662741,2.994047619047619,1,0,0,0,0,0,1,0,0,0,1
11,53,168,145,45,8,5,1,0,0.0,0.6755380435555681,3.865727272727273,0,0,1,0,1,0,0,0,0,0,0
4,15,52,33,10,5,1,0,0,0.0,0.5283634538152611,3.24375,0,1,0,0,1,0,0,0,0,0,1
11,52,167,163,51,1,1,0,0,0.0,0.9279212481567356,4.282090909090909,1,0,0,0,1,0,0,0,0,0,0
1,5,14,10,4,1,0,0,0,0.0,0.6024096385542168,3.700000000000002,0,1,0,0,1,0,0,0,0,0,1
6,22,76,44,13,9,3,2,1,0.0,0.5597389558232931,2.6711666666666667,0,1,0,0,0,0,1,0,0,0,1
4,15,57,17,5,10,3,2,2,2.0,0.3376004016064256,2.018,0,1,0,0,0,1,0,0,0,0,1
1,4,14,6,2,2,0,0,0,0.0,0.36144578313253,3.1750000000000003,1,0,0,0,1,0,0,0,0,0,1
1,4,14,14,4,0,0,0,0,0.0,0.8433734939759036,4.450000000000004,1,0,0,0,1,0,0,0,0,0,0
10,51,172,168,50,1,1,0,0,0.0,0.9198412698412698,4.334300000000001,1,0,0,0,1,0,0,0,0,0,0
11,51,174,164,49,2,1,1,0,0.0,0.8903621174979335,4.13909090909091,0,1,0,0,1,0,0,0,0,0,0
10,40,131,108,34,6,3,1,0,0.0,0.6790375788869765,3.4562000000000004,0,1,0,0,1,0,0,0,0,0,0
20,69,242,171,52,17,11,5,0,0.0,0.5042136043133841,3.21755,0,1,0,0,0,1,0,0,0,0,0
3,11,41,14,4,8,3,1,0,0.0,0.4350736278447121,1.3916666666666675,0,1,0,0,0,1,0,0,0,0,1
1,4,14,3,1,3,0,0,0,0.0,0.180722891566265,1.7,0,1,0,0,1,0,0,0,0,0,1
2,8,25,3,2,6,0,0,0,0.0,0.1355421686746987,0.5625,1,0,0,0,1,0,0,0,0,0,1
2,9,29,17,6,3,0,0,0,0.0,0.677710843373494,2.7000000000000006,0,1,0,0,0,1,0,0,0,0,1
1,4,14,3,1,3,0,0,0,0.0,0.180722891566265,2.5000000000000018,0,1,0,0,1,0,0,0,0,0,1
2,9,29,17,6,3,1,1,0,0.0,0.5572289156626505,2.825,0,1,0,0,0,0,1,0,0,0,1
11,51,172,164,49,2,2,0,0,0.0,0.8547412791662516,4.200454545454545,1,0,0,0,1,0,0,0,0,0,0
2,8,25,9,4,4,2,0,0,0.0,0.3162650602409638,1.9375,1,0,0,0,0,0,1,0,0,0,1
3,13,45,29,9,4,1,1,0,0.0,0.645917001338688,3.125,0,0,1,0,1,0,0,0,0,0,1
10,48,170,170,48,0,0,0,0,0.0,0.920795085102314,4.0402000000000005,0,1,0,0,0,1,0,0,0,0,0
2,8,29,25,7,1,0,0,0,0.0,0.7981927710843373,3.35,0,1,0,0,0,1,0,0,0,0,1
10,27,94,47,15,12,4,4,1,0.0,0.3577428762669726,2.404,0,1,0,0,1,0,0,0,0,0,1
12,54,184,172,51,3,3,0,0,0.0,0.8619356574928864,3.9301666666666666,0,1,0,0,1,0,0,0,0,0,0
1,4,14,0,0,4,0,0,0,0.0,0.0,0.0,0,1,0,0,0,1,0,0,0,0,1
2,9,29,6,3,6,2,0,0,0.0,0.2710843373493975,1.3375,0,1,0,0,0,1,0,0,0,0,1
16,63,229,157,44,19,9,6,0,0.0,0.5803703648677293,2.548,0,1,0,0,0,1,0,0,0,0,0
16,53,184,137,41,12,9,3,1,1.0,0.4196793260705158,3.337,1,0,0,0,1,0,0,0,0,0,0
1,4,14,14,4,0,0,0,0,0.0,0.8433734939759036,3.975,1,0,0,0,0,1,0,0,0,0,1
1,5,14,0,0,5,0,0,0,1.0,0.0,0.0,0,1,0,0,0,0,1,0,0,0,1
9,45,140,128,42,3,2,0,0,0.0,0.8219837020037822,4.092777777777778,0,0,1,0,1,0,0,0,0,0,0
15,59,206,170,50,9,5,2,1,0.0,0.754578876156094,3.2988181818181816,1,0,0,0,1,0,0,0,0,0,0
2,9,26,6,2,7,2,0,0,0.0,0.2710843373493975,1.2125000000000017,1,0,0,0,1,0,0,0,0,0,1
12,53,176,160,49,4,2,2,0,0.0,0.8874031479453165,4.012250000000001,0,1,0,0,1,0,0,0,0,0,0
11,49,157,146,46,3,2,0,0,0.0,0.7560746725587908,3.8067272727272727,0,1,0,0,1,0,0,0,0,0,0
14,56,182,162,61,7,3,3,0,0.0,0.5384683326808971,3.4337142857142857,0,1,0,0,1,0,0,0,0,0,0
2,9,29,10,3,6,1,0,0,0.0,0.4518072289156626,1.7900000000000018,0,1,0,0,1,0,0,0,0,0,0
6,21,77,45,13,8,6,2,0,0.0,0.4797523427041498,2.960833333333333,1,0,0,0,0,1,0,0,0,0,1
1,5,14,0,0,5,0,0,0,0.0,0.0,1.425,1,0,0,0,0,0,1,0,0,0,1
13,56,198,175,50,6,5,0,0,0.0,0.8377932051472367,3.834769230769231,0,1,0,0,0,1,0,0,0,0,0
14,56,195,165,49,7,5,0,0,0.0,0.6907066924278629,3.666,1,0,0,0,0,1,0,0,0,0,0
1,5,14,6,3,2,0,0,0,0.0,0.36144578313253,2.25,1,0,0,0,1,0,0,0,0,0,1
6,22,61,21,11,11,4,2,1,1.0,0.2990294511378848,2.181666666666667,0,1,0,0,1,0,0,0,0,0,1
3,11,33,17,6,5,2,2,0,0.0,0.324631860776439,2.719333333333333,1,0,0,0,0,1,0,0,0,0,1
6,22,77,45,12,10,3,2,0,0.0,0.4576639892904953,2.7645,0,1,0,0,1,0,0,0,0,0,1
8,27,101,61,17,10,4,1,0,0.0,0.5573633820998278,2.527875,1,0,0,0,0,0,1,0,0,0,1
2,10,29,21,8,2,0,0,0,0.0,0.7379518072289156,3.0875000000000004,0,1,0,0,0,1,0,0,0,0,1
8,17,65,33,9,8,3,2,1,1.0,0.4484634968445208,1.4875,0,1,0,0,1,0,0,0,0,0,1
2,10,33,6,3,7,2,0,0,0.0,0.2710843373493975,1.3500000000000003,0,1,0,0,0,1,0,0,0,0,1
3,13,41,9,5,8,3,2,0,0.0,0.2710843373493975,1.133333333333333,0,1,0,0,0,1,0,0,0,0,1
11,54,176,160,50,4,4,0,0,0.0,0.8107897943604404,3.944272727272727,1,0,0,0,1,0,0,0,0,0,0
15,67,228,167,51,16,8,4,0,0.0,0.5509813591138891,3.114733333333333,1,0,0,0,0,1,0,0,0,0,0
7,35,102,94,33,2,1,0,0,0.0,0.8211417096959265,3.864500000000002,1,0,0,0,1,0,0,0,0,0,0
13,55,188,167,50,5,2,1,0,0.0,0.858656468132835,3.891153846153846,0,1,0,0,1,0,0,0,0,0,0
1,4,14,3,1,3,0,0,0,0.0,0.180722891566265,1.6250000000000036,1,0,0,0,1,0,0,0,0,0,1
1,4,14,6,2,2,0,0,0,0.0,0.36144578313253,2.725,1,0,0,0,1,0,0,0,0,0,1
1,4,10,0,0,4,0,0,0,0.0,0.0,1.3000000000000018,0,1,0,0,0,0,1,0,0,0,1
14,57,195,163,49,8,6,1,0,0.0,0.6447692200704249,3.725142857142857,1,0,0,0,0,1,0,0,0,0,0
1,4,14,6,2,2,0,0,0,0.0,0.36144578313253,2.5250000000000035,1,0,0,0,1,0,0,0,0,0,1
2,6,21,13,4,2,0,0,0,0.0,0.3765060240963854,3.7375000000000007,0,1,0,0,1,0,0,0,0,0,1
6,12,42,22,7,5,4,0,0,0.0,0.3169344042838018,2.020833333333333,1,0,0,0,1,0,0,0,0,0,1
1,4,14,0,0,4,0,0,0,0.0,0.0,1.075,1,0,0,0,0,1,0,0,0,0,1
12,55,188,164,49,6,5,1,0,0.0,0.7273647258587017,3.862083333333333,1,0,0,0,1,0,0,0,0,0,1
1,4,14,0,0,4,0,0,0,0.0,0.0,0.2750000000000018,1,0,0,0,1,0,0,0,0,0,1
4,16,56,32,10,6,2,1,0,0.0,0.5446787148594376,2.5145,0,1,0,0,1,0,0,0,0,0,1
5,22,75,71,21,1,1,0,0,0.0,0.7785140562248996,3.8400000000000007,0,1,0,0,0,1,0,0,0,0,0
4,11,37,25,8,3,1,1,1,0.0,0.4555722891566264,2.60625,0,1,0,0,0,1,0,0,0,0,1
4,17,56,25,9,8,3,3,0,0.0,0.4304718875502007,2.6125,1,0,0,0,0,0,1,0,0,0,1
1,4,14,0,0,4,0,0,0,1.0,0.0,0.5500000000000018,1,0,0,0,1,0,0,0,0,0,1
1,4,14,6,2,0,0,0,0,0.0,0.36144578313253,2.970000000000004,0,1,0,0,1,0,0,0,0,0,0
8,43,135,105,35,8,5,1,0,0.0,0.6640042312105564,3.3603750000000003,0,0,1,0,1,0,0,0,0,0,0
1,4,14,10,3,1,0,0,0,0.0,0.6024096385542168,2.925,0,1,0,0,1,0,0,0,0,0,1
2,8,25,6,3,5,1,0,0,0.0,0.2710843373493975,1.8875,1,0,0,0,1,0,0,0,0,0,1
1,4,14,0,0,4,0,0,0,0.0,0.0,0.9500000000000016,0,1,0,0,0,1,0,0,0,0,1
2,7,22,6,2,5,2,0,0,0.0,0.2710843373493975,1.6375000000000013,0,1,0,0,1,0,0,0,0,0,1
3,16,53,45,14,2,1,0,0,0.0,0.8534136546184738,3.6683333333333343,0,1,0,0,1,0,0,0,0,0,0
18,62,213,179,53,9,8,0,0,0.0,0.7122465961277088,3.5665,1,0,0,0,0,1,0,0,0,0,0
1,5,14,6,3,2,0,0,0,0.0,0.36144578313253,2.0249999999999995,0,1,0,0,1,0,0,0,0,0,1
7,36,111,111,36,0,0,0,0,0.0,0.9012376034751248,4.231428571428571,0,0,1,0,1,0,0,0,0,0,0
2,9,33,17,5,4,2,0,0,0.0,0.4367469879518071,3.132500000000002,1,0,0,0,1,0,0,0,0,0,0
1,4,14,0,0,4,0,0,0,0.0,0.0,0.85,0,1,0,0,0,0,1,0,0,0,1
10,49,163,163,49,0,0,0,0,0.0,0.9792909734174794,4.4707,1,0,0,0,1,0,0,0,0,0,0
10,49,155,128,42,7,5,1,0,0.0,0.7578122011856951,3.7512,1,0,0,0,1,0,0,0,0,0,0
4,18,61,53,16,2,1,0,0,0.0,0.8797690763052208,3.312500000000001,1,0,0,0,1,0,0,0,0,0,0
13,52,179,168,48,4,3,0,0,0.0,0.7818753689930704,3.589923076923077,1,0,0,0,1,0,0,0,0,0,0
2,9,33,17,5,4,0,0,0,0.0,0.5572289156626505,3.092500000000001,1,0,0,0,0,1,0,0,0,0,1
16,57,192,167,50,7,6,2,1,0.0,0.5235346512172566,3.5883125,0,0,1,0,1,0,0,0,0,0,0
9,40,130,87,29,11,6,2,1,0.0,0.5573325046216612,3.028777777777778,1,0,0,0,1,0,0,0,0,0,0
15,61,219,166,48,13,10,3,0,0.0,0.532730801104295,3.2454666666666667,0,1,0,0,1,0,0,0,0,0,0
4,11,37,25,8,3,2,0,0,0.0,0.4982429718875502,2.6875,1,0,0,0,1,0,0,0,0,0,1
13,62,221,162,47,15,10,3,1,0.0,0.5739853931466535,3.2930769230769235,0,1,0,0,1,0,0,0,0,0,0
16,61,213,169,50,11,5,4,2,0.0,0.5332843768931871,3.482125,1,0,0,0,1,0,0,0,0,0,0
13,44,152,124,35,9,3,2,1,1.0,0.5056147256100917,3.419,1,0,0,0,0,1,0,0,0,0,1
4,18,58,34,12,6,3,0,1,1.0,0.6551204819277108,2.9587500000000007,1,0,0,0,0,1,0,0,0,0,1
1,4,14,3,1,3,0,0,0,0.0,0.180722891566265,1.6750000000000036,1,0,0,0,0,1,0,0,0,0,1
6,30,98,61,20,9,4,2,0,0.0,0.5855087014725568,2.798333333333334,0,1,0,0,1,0,0,0,0,0,0
2,9,25,3,2,7,3,0,0,0.0,0.1355421686746987,1.304,0,1,0,0,1,0,0,0,0,0,1
4,16,57,37,11,5,2,1,0,0.0,0.704066265060241,3.2625000000000006,1,0,0,0,1,0,0,0,0,0,1
1,5,14,0,0,5,0,0,0,1.0,0.0,1.0,0,1,0,0,0,0,0,0,0,1,1
3,12,41,21,7,5,2,1,0,0.0,0.4317269076305219,2.411,1,0,0,0,1,0,0,0,0,0,1
1,4,14,3,1,3,0,0,0,0.0,0.180722891566265,1.4,0,1,0,0,1,0,0,0,0,0,1
2,8,29,10,3,5,2,0,0,0.0,0.3313253012048192,1.700000000000001,0,1,0,0,0,0,1,0,0,0,1
1,4,14,0,0,4,0,0,0,1.0,0.0,1.0500000000000036,0,1,0,0,0,1,0,0,0,0,1
1,5,14,0,0,5,0,0,0,0.0,0.0,0.4499999999999995,1,0,0,0,0,0,0,0,0,1,1
11,52,176,172,51,1,1,0,0,0.0,0.89192405197334,3.917090909090909,1,0,0,0,1,0,0,0,0,0,0
10,48,163,158,47,1,0,0,0,0.0,0.9223202333142092,4.0445,0,1,0,0,0,0,1,0,0,0,0
1,4,14,7,2,2,0,0,0,0.0,0.4216867469879518,2.874999999999999,0,1,0,0,1,0,0,0,0,0,1
5,16,40,24,10,6,3,0,0,0.0,0.3670682730923694,2.5534000000000003,0,1,0,0,1,0,0,0,0,0,1
13,55,191,163,47,8,3,2,1,0.0,1.1276860946694125,3.012923076923077,1,0,0,0,1,0,0,0,0,0,0
2,10,29,6,4,6,2,0,0,0.0,0.2710843373493975,1.3125,0,1,0,0,0,0,1,0,0,0,1
5,15,52,21,7,8,2,2,1,1.0,0.4210843373493975,2.2332,0,1,0,0,1,0,0,0,0,0,1
1,4,14,0,0,4,0,0,0,0.0,0.0,1.6750000000000018,0,1,0,0,0,1,0,0,0,0,1
14,53,182,168,50,3,1,1,0,0.0,0.8049709995493128,4.0671,1,0,0,0,1,0,0,0,0,0,0
2,9,29,6,3,6,2,0,0,0.0,0.2710843373493975,1.3125,0,1,0,0,1,0,0,0,0,0,1
1,4,14,6,2,2,0,0,0,0.0,0.36144578313253,2.875000000000004,0,1,0,0,0,1,0,0,0,0,1
4,15,49,33,11,4,0,0,0,0.0,0.6074297188755019,2.536333333333333,0,1,0,0,0,1,0,0,0,0,1
11,51,158,156,50,1,0,0,0,0.0,0.949308449856095,3.510636363636364,0,1,0,0,0,1,0,0,0,0,0
3,15,53,41,12,3,0,0,0,0.0,0.8467202141900936,3.491666666666668,0,1,0,0,0,1,0,0,0,0,0
15,47,156,116,36,11,6,2,0,0.0,0.4167796728037691,3.3884,0,1,0,0,0,1,0,0,0,0,0
10,49,163,147,45,4,4,0,0,0.0,0.8623733027347484,3.8161,0,1,0,0,1,0,0,0,0,0,0
15,53,186,150,44,9,7,1,0,0.0,0.5475227695107212,3.309533333333333,0,1,0,0,1,0,0,0,0,0,0
16,56,197,127,38,18,9,3,0,0.0,0.6271143462879155,2.9770625,0,1,0,0,1,0,0,0,0,0,1
1,5,14,6,3,2,0,0,0,0.0,0.36144578313253,2.275,0,1,0,0,0,0,0,1,0,0,1
2,6,14,14,6,0,0,0,0,0.0,0.6325301204819277,4.5875,1,0,0,0,0,1,0,0,0,0,1
3,13,41,29,10,3,2,0,0,0.0,0.7262382864792502,3.1,0,1,0,0,1,0,0,0,0,0,1
18,65,232,171,50,15,9,4,1,0.0,0.5391347776476526,3.206388888888889,1,0,0,0,0,1,0,0,0,0,0
3,13,45,29,9,4,3,0,0,0.0,0.4852744310575634,2.950000000000001,0,1,0,0,1,0,0,0,0,0,1
3,13,41,21,8,5,2,0,0,0.0,0.4317269076305219,3.0093333333333345,0,1,0,0,0,1,0,0,0,0,1
6,16,57,29,9,7,4,2,0,0.0,0.4054551539491298,2.2638333333333334,0,1,0,0,0,0,1,0,0,0,1
10,47,148,122,40,7,5,1,0,0.0,0.7244788678523617,3.685,1,0,0,0,1,0,0,0,0,0,0
2,10,31,19,7,3,1,0,0,0.0,0.5873493975903614,3.272500000000002,0,1,0,0,1,0,0,0,0,0,0
3,11,37,21,7,4,2,0,0,0.0,0.6325301204819277,2.9333333333333336,1,0,0,0,1,0,0,0,0,0,1
13,51,178,166,47,4,3,0,0,0.0,0.6632311926565865,3.778461538461538,1,0,0,0,0,1,0,0,0,0,0
11,27,97,32,10,17,8,5,1,1.0,0.2221198844966642,1.5727272727272728,1,0,0,0,0,1,0,0,0,0,1
3,14,42,12,5,9,3,1,0,0.0,0.3212851405622489,1.668333333333333,0,1,0,0,0,1,0,0,0,0,1
11,35,103,69,25,10,4,0,0,0.0,0.4778079259185501,2.8631818181818183,1,0,0,0,0,1,0,0,0,0,1
14,56,192,168,50,6,6,0,0,0.0,0.6185122250096432,3.904928571428571,1,0,0,0,1,0,0,0,0,0,0
4,12,33,3,2,10,4,1,1,1.0,0.0941265060240963,0.7250000000000004,0,1,0,0,1,0,0,0,0,0,1
4,15,42,18,9,6,2,2,1,1.0,0.3162650602409638,2.5375000000000005,1,0,0,0,1,0,0,0,0,0,1
3,13,41,9,5,8,3,2,0,0.0,0.2710843373493975,1.3443333333333334,0,1,0,0,0,1,0,0,0,0,1
8,34,121,110,31,3,0,0,0,0.0,0.818631669535284,3.137,1,0,0,0,1,0,0,0,0,0,1
11,50,163,163,50,0,0,0,0,0.0,0.9371747122294768,4.336636363636364,0,1,0,0,1,0,0,0,0,0,0
1,4,14,3,1,3,0,0,0,0.0,0.180722891566265,1.575,0,1,0,0,0,1,0,0,0,0,1
4,11,37,13,5,6,2,2,1,1.0,0.2723393574297188,2.72075,0,1,0,0,0,1,0,0,0,0,1
6,29,92,88,25,1,1,0,0,0.0,0.84119812583668,4.063000000000001,0,1,0,0,1,0,0,0,0,0,0
4,16,52,9,5,11,3,2,2,0.0,0.2371987951807228,2.0395000000000003,1,0,0,0,0,0,1,0,0,0,1
1,4,14,0,0,4,0,0,0,0.0,0.0,0.5250000000000018,0,1,0,0,1,0,0,0,0,0,1
13,53,183,175,51,2,2,0,0,0.0,0.8085105734549664,3.831384615384615,1,0,0,0,1,0,0,0,0,0,0
16,53,192,151,43,10,6,2,0,0.0,0.6956062522233455,3.0524375,0,1,0,0,0,1,0,0,0,0,1
3,13,37,37,13,0,0,0,0,0.0,0.6994645247657295,3.6556666666666673,1,0,0,0,1,0,0,0,0,0,1
3,13,45,25,8,5,2,1,0,0.0,0.538821954484605,2.8166666666666664,1,0,0,0,1,0,0,0,0,0,1
17,63,215,170,50,13,8,2,2,0.0,0.62287870606439,3.2348235294117647,1,0,0,0,1,0,0,0,0,0,0
1,4,14,0,0,4,0,0,0,0.0,0.0,1.375,0,1,0,0,0,1,0,0,0,0,1
12,55,193,163,47,8,4,1,0,0.0,0.875607407986926,3.231625,0,1,0,0,0,1,0,0,0,0,1
6,37,111,98,34,3,2,0,0,0.0,0.9682061579651938,3.9343333333333343,0,1,0,0,0,1,0,0,0,0,0
3,13,44,21,7,6,2,0,0,0.0,0.6325301204819277,2.033333333333333,1,0,0,0,1,0,0,0,0,0,1
4,16,57,37,11,5,3,0,0,0.0,0.6438253012048192,2.752000000000001,1,0,0,0,1,0,0,0,0,0,1
5,18,57,25,10,8,3,2,1,1.0,0.3704819277108433,2.47,0,1,0,0,1,0,0,0,0,0,1
12,51,171,171,51,0,0,0,0,0.0,0.8466252145253865,4.0967142857142855,1,0,0,0,1,0,0,0,0,0,0
12,54,189,168,49,5,4,1,0,0.0,0.8651742612585985,3.671166666666666,0,1,0,0,1,0,0,0,0,0,0
4,13,45,25,8,5,2,1,1,1.0,0.4982429718875502,2.92075,0,1,0,0,1,0,0,0,0,0,1
6,22,76,32,10,12,4,2,0,0.0,0.4441097724230253,1.8421666666666667,1,0,0,0,0,0,1,0,0,0,1
20,67,240,167,48,19,13,2,1,0.0,0.6373423977832712,2.90975,0,1,0,0,1,0,0,0,0,0,0
1,4,14,3,1,3,0,0,0,0.0,0.180722891566265,1.1750000000000045,0,1,0,0,1,0,0,0,0,0,1
5,22,59,52,20,2,1,0,0,0.0,0.7036144578313253,3.1932,1,0,0,0,1,0,0,0,0,0,1
2,8,25,9,4,4,2,0,0,0.0,0.3162650602409638,2.2915,0,1,0,0,0,0,1,0,0,0,1
5,17,61,25,8,9,3,2,2,1.0,0.4367469879518071,2.205,1,0,0,0,0,1,0,0,0,0,1
2,10,29,6,4,6,2,0,0,0.0,0.2710843373493975,1.8625,0,1,0,0,1,0,0,0,0,0,1
14,43,154,119,34,9,5,2,1,1.0,0.4773356902229535,3.397214285714285,1,0,0,0,1,0,0,0,0,0,0
1,4,14,10,3,1,0,0,0,0.0,0.6024096385542168,3.700000000000004,0,1,0,0,1,0,0,0,0,0,0
3,12,37,23,8,4,2,1,0,0.0,0.4451137884872824,3.325,0,1,0,0,0,1,0,0,0,0,1
3,13,49,33,9,4,2,0,0,0.0,0.753012048192771,3.098333333333333,1,0,0,0,1,0,0,0,0,0,1
2,9,28,0,0,9,4,0,0,0.0,0.0,0.4375,0,1,0,0,1,0,0,0,0,0,1
1,4,14,6,2,2,0,0,0,0.0,0.36144578313253,2.4,1,0,0,0,0,1,0,0,0,0,1
9,37,121,96,30,7,4,1,0,0.0,0.7718014916810096,2.799833333333334,0,1,0,0,1,0,0,0,0,0,1
5,14,46,22,7,7,3,1,0,0.0,0.3080321285140562,2.5066,1,0,0,0,0,1,0,0,0,0,1
1,4,14,3,1,3,0,0,0,0.0,0.180722891566265,1.1249999999999991,0,1,0,0,1,0,0,0,0,0,1
10,48,157,149,46,2,1,0,0,0.0,0.891810097532989,4.151400000000001,0,1,0,0,1,0,0,0,0,0,0
5,14,49,21,7,7,3,2,0,0.0,0.4451807228915662,1.8916,1,0,0,0,0,0,1,0,0,0,1
13,62,208,169,51,11,8,1,0,0.0,0.7282342824511499,3.5615384615384618,1,0,0,0,1,0,0,0,0,0,0
9,47,149,137,44,3,3,0,0,0.0,0.8655946537472641,3.9512222222222224,0,1,0,0,1,0,0,0,0,0,0
5,25,82,82,25,0,0,0,0,0.0,0.9536144578313251,4.104000000000001,1,0,0,0,1,0,0,0,0,0,0
14,42,145,56,16,26,10,4,4,0.0,0.2944697776883663,1.530357142857143,0,1,0,0,1,0,0,0,0,0,0
1,4,14,10,3,1,0,0,0,0.0,0.6024096385542168,3.4200000000000035,0,1,0,0,1,0,0,0,0,0,0
1,4,14,3,1,3,0,0,0,1.0,0.180722891566265,2.200000000000003,0,1,0,0,0,1,0,0,0,0,1
1,4,14,3,1,3,0,0,0,0.0,0.180722891566265,2.075,0,1,0,0,1,0,0,0,0,0,1
3,5,20,12,3,2,0,0,0,0.0,0.2409638554216867,2.9166666666666665,0,1,0,0,0,0,1,0,0,0,1
2,9,25,0,1,9,0,0,0,0.0,0.0,0.0665,0,1,0,0,1,0,0,0,0,0,1
2,9,29,6,3,6,2,0,0,0.0,0.2710843373493975,1.5750000000000004,0,1,0,0,0,0,1,0,0,0,1
1,5,14,6,3,2,0,0,0,0.0,0.36144578313253,2.475,1,0,0,0,0,0,0,0,0,1,1
3,13,37,33,12,1,0,0,0,0.0,0.753012048192771,3.616666666666667,0,1,0,0,1,0,0,0,0,0,1
3,10,36,17,5,5,2,1,0,0.0,0.4551539491298527,2.639000000000001,1,0,0,0,1,0,0,0,0,0,1
2,9,29,17,6,3,1,0,0,0.0,0.5572289156626505,2.9875000000000016,1,0,0,0,1,0,0,0,0,0,1
3,13,43,35,11,2,1,0,0,0.0,0.7663989290495313,3.4723333333333333,0,0,1,0,1,0,0,0,0,0,1
1,4,14,3,1,3,0,0,0,3.0,0.180722891566265,1.1750000000000036,0,1,0,0,0,1,0,0,0,0,1
2,7,26,10,3,4,2,0,0,0.0,0.3313253012048192,2.312500000000002,0,1,0,0,1,0,0,0,0,0,0
4,12,44,13,4,8,3,2,0,0.0,0.2723393574297188,1.4105000000000003,0,1,0,0,0,1,0,0,0,0,1
10,24,69,57,21,3,3,0,0,0.0,0.4346481162746222,3.4492000000000003,1,0,0,0,0,1,0,0,0,0,0
4,14,45,17,7,7,3,2,0,0.0,0.3376004016064256,1.85,0,1,0,0,0,1,0,0,0,0,1
1,5,14,3,1,4,0,0,0,0.0,0.180722891566265,1.7499999999999996,0,1,0,0,0,0,0,0,0,1,1
2,9,29,13,5,4,2,0,0,0.0,0.3765060240963854,2.2874999999999988,0,1,0,0,1,0,0,0,0,0,1
5,12,25,13,9,3,1,0,0,0.0,0.203012048192771,2.4816000000000003,1,0,0,0,1,0,0,0,0,0,1
12,58,192,169,51,7,5,0,0,0.0,0.781207260499429,3.8431666666666655,1,0,0,0,1,0,0,0,0,0,0
4,17,61,49,14,3,2,0,0,0.0,0.709086345381526,3.2845000000000004,0,1,0,0,1,0,0,0,0,0,1
3,12,37,9,5,7,2,2,0,0.0,0.2710843373493975,1.8833333333333333,0,1,0,0,0,1,0,0,0,0,1
1,5,14,0,0,5,0,0,0,0.0,0.0,0.0500000000000017,0,1,0,0,1,0,0,0,0,0,1
4,23,78,78,23,0,0,0,0,0.0,1.0240963855421683,4.255750000000001,0,1,0,0,0,1,0,0,0,0,0
4,19,52,28,13,6,2,1,0,0.0,0.3990963855421686,2.975,1,0,0,0,1,0,0,0,0,0,1
1,4,14,10,3,1,0,0,0,0.0,0.6024096385542168,3.425000000000004,1,0,0,0,1,0,0,0,0,0,1
17,62,215,170,50,12,6,3,1,0.0,0.7499026241496121,3.0964705882352943,0,1,0,0,1,0,0,0,0,0,0
5,24,77,77,24,0,0,0,0,0.0,0.91144578313253,3.8956,0,0,1,0,1,0,0,0,0,0,0
3,14,49,25,8,6,2,0,0,0.0,0.4986613119143239,3.2033333333333345,1,0,0,0,1,0,0,0,0,0,0
1,4,14,6,2,2,0,0,0,0.0,0.36144578313253,2.725,1,0,0,0,1,0,0,0,0,0,1
1,4,14,6,2,2,0,0,0,0.0,0.36144578313253,3.575000000000004,0,1,0,0,0,1,0,0,0,0,1
11,36,124,64,21,15,6,4,1,1.0,0.4594151892892308,2.634272727272727,0,1,0,0,1,0,0,0,0,0,0
1,4,14,3,1,3,0,0,0,0.0,0.180722891566265,1.925,0,1,0,0,0,1,0,0,0,0,1
9,26,97,41,12,14,7,4,2,1.0,0.307529058031066,2.4878888888888886,1,0,0,0,1,0,0,0,0,0,1
3,14,48,25,8,6,3,1,0,0.0,0.4183400267737616,2.7533333333333343,1,0,0,0,1,0,0,0,0,0,1
1,4,14,3,1,3,0,0,0,0.0,0.180722891566265,1.3749999999999991,0,1,0,0,0,1,0,0,0,0,1
9,43,139,116,37,6,4,1,0,0.0,0.7764762754722594,3.608333333333333,1,0,0,0,0,1,0,0,0,0,0
5,23,80,61,18,5,2,1,0,0.0,0.7534136546184739,3.5569999999999995,0,1,0,0,1,0,0,0,0,0,1
2,8,29,14,4,4,0,0,0,0.0,0.6325301204819277,1.8875000000000013,1,0,0,0,0,1,0,0,0,0,1
9,35,116,68,21,14,5,3,3,1.0,0.6489184250228426,3.040555555555556,1,0,0,0,1,0,0,0,0,0,0
3,10,25,13,6,4,0,0,0,0.0,0.3380187416331994,2.297333333333334,0,1,0,0,1,0,0,0,0,0,1
14,62,219,173,49,13,8,2,2,0.0,0.6241921326904114,3.104714285714286,1,0,0,0,1,0,0,0,0,0,0
16,57,200,167,49,8,7,1,0,0.0,0.6069777517913812,3.84225,1,0,0,0,1,0,0,0,0,0,0
6,19,69,41,12,7,4,1,0,0.0,0.5600736278447122,2.627833333333333,1,0,0,0,0,1,0,0,0,0,1
14,64,218,164,48,16,9,2,1,0.0,0.5436826393151694,3.0667857142857144,1,0,0,0,1,0,0,0,0,0,0
16,59,202,171,51,8,5,2,1,0.0,0.6469716120977416,3.784875,0,1,0,0,0,1,0,0,0,0,0
3,9,33,9,3,6,2,2,0,0.0,0.2710843373493975,1.730666666666667,1,0,0,0,0,0,1,0,0,0,1
2,9,29,17,6,3,1,0,0,0.0,0.5572289156626505,2.975,0,1,0,0,0,1,0,0,0,0,1
9,29,100,62,19,10,4,2,1,1.0,0.5236395316716602,2.980555555555556,0,1,0,0,0,1,0,0,0,0,1
12,50,181,158,44,6,4,0,0,0.0,0.8567067693573717,3.5598333333333336,0,1,0,0,1,0,0,0,0,0,1
1,4,14,6,2,2,0,0,0,0.0,0.36144578313253,2.475000000000004,0,1,0,0,0,1,0,0,0,0,1
6,20,67,27,10,10,4,4,0,0.0,0.3221218206157965,1.9625,1,0,0,0,0,1,0,0,0,0,1
1,4,14,0,0,4,0,0,0,0.0,0.0,0.3250000000000018,0,1,0,0,1,0,0,0,0,0,1
2,8,25,6,3,5,2,0,0,0.0,0.180722891566265,1.725,0,1,0,0,0,0,1,0,0,0,1
8,30,89,42,17,13,5,1,0,0.0,0.4184236947791164,2.694875,0,1,0,0,1,0,0,0,0,0,0
2,5,10,6,4,1,0,0,0,0.0,0.2710843373493975,3.8665000000000007,0,1,0,0,0,1,0,0,0,0,1
16,60,214,174,51,9,5,2,1,0.0,0.7749911985604756,3.055333333333333,1,0,0,0,1,0,0,0,0,0,0
4,12,41,17,6,6,3,2,0,0.0,0.3376004016064256,1.96875,1,0,0,0,0,1,0,0,0,0,1
3,13,39,3,3,10,3,3,0,0.0,0.0502008032128513,1.2,0,1,0,0,1,0,0,0,0,0,1
16,62,219,174,51,11,9,1,0,0.0,0.6592852219734749,3.1408750000000003,0,1,0,0,1,0,0,0,0,0,0
3,14,49,45,8,2,0,0,0,0.0,0.8734939759036143,3.538333333333334,0,0,1,0,0,0,1,0,0,0,0
19,71,260,159,46,25,12,5,3,0.0,0.5524657156677334,3.042736842105263,1,0,0,0,1,0,0,0,0,0,0
11,49,157,157,49,0,0,0,0,0.0,0.8446497520977257,4.120545454545455,1,0,0,0,0,1,0,0,0,0,0
11,45,138,108,37,8,4,1,1,0.0,0.5668796792838413,3.473181818181818,0,0,1,0,1,0,0,0,0,0,0
2,10,28,0,0,10,5,0,0,0.0,0.0,0.0375,0,1,0,0,0,1,0,0,0,0,1
21,77,269,172,52,25,15,9,1,0.0,0.5447617355815162,2.8595238095238096,1,0,0,0,0,1,0,0,0,0,0
1,5,14,6,2,3,0,0,0,0.0,0.36144578313253,2.25,0,1,0,0,0,0,1,0,0,0,1
2,9,29,13,5,4,2,0,0,0.0,0.3765060240963854,2.425,0,1,0,0,1,0,0,0,0,0,1
6,25,90,66,19,6,3,1,0,0.0,0.7903279785809906,3.068000000000001,0,1,0,0,1,0,0,0,0,0,0
8,34,83,66,27,7,1,0,0,0.0,0.5806798623063683,3.618875,0,1,0,0,0,1,0,0,0,0,1
4,14,49,17,5,9,3,1,1,1.0,0.3376004016064256,1.68875,0,1,0,0,0,0,1,0,0,0,1
2,8,26,6,3,5,2,0,0,0.0,0.2710843373493975,1.5460000000000014,0,1,0,0,1,0,0,0,0,0,1
11,52,176,164,49,3,3,0,0,0.0,0.7351155902634544,3.845363636363636,1,0,0,0,1,0,0,0,0,0,0
1,5,14,14,5,0,0,0,0,0.0,0.8433734939759036,3.675,0,1,0,0,0,0,1,0,0,0,1
15,57,201,170,49,8,6,1,0,0.0,0.7725419382045887,3.299466666666667,0,1,0,0,0,1,0,0,0,0,0
1,4,13,9,3,1,0,0,0,0.0,0.5421686746987951,3.7,1,0,0,0,1,0,0,0,0,0,1
4,15,47,35,10,5,2,0,0,0.0,0.6111947791164658,2.65875,1,0,0,0,0,0,0,1,0,0,1
3,8,23,7,3,5,2,1,0,0.0,0.1773761713520749,1.7776666666666676,0,1,0,0,0,1,0,0,0,0,1
5,21,75,32,10,11,4,3,1,1.0,0.4244979919678714,2.32,1,0,0,0,1,0,0,0,0,0,1
1,5,14,0,0,5,0,0,0,0.0,0.0,0.0,1,0,0,0,0,1,0,0,0,0,1
2,8,21,10,4,4,0,0,0,0.0,0.4518072289156626,2.5335000000000005,0,1,0,0,1,0,0,0,0,0,1
2,10,33,21,7,3,0,0,0,0.0,0.7379518072289156,2.9675,0,1,0,0,0,1,0,0,0,0,1
1,4,14,3,1,3,0,0,0,0.0,0.180722891566265,2.800000000000004,0,1,0,0,1,0,0,0,0,0,1
15,62,218,155,46,16,11,2,0,0.0,0.5607467053250185,3.056,1,0,0,0,0,1,0,0,0,0,0
4,12,45,25,7,5,2,2,0,0.0,0.4279618473895581,2.5082500000000008,1,0,0,0,0,1,0,0,0,0,1
3,10,33,25,8,2,1,0,0,0.0,0.6994645247657295,2.2666666666666666,0,1,0,0,0,1,0,0,0,0,1
1,4,14,6,2,2,0,0,0,0.0,0.36144578313253,3.2,1,0,0,0,1,0,0,0,0,0,1
2,9,29,9,4,5,2,0,0,0.0,0.3162650602409638,2.6375,1,0,0,0,0,0,1,0,0,0,1
13,53,183,171,50,3,2,0,0,0.0,0.7880855114404697,4.111538461538461,1,0,0,0,0,1,0,0,0,0,0
2,6,21,21,6,0,0,0,0,0.0,0.6325301204819277,3.0900000000000034,1,0,0,0,0,1,0,0,0,0,0
3,12,39,23,8,4,1,1,0,0.0,0.5254350736278447,2.8223333333333334,1,0,0,0,1,0,0,0,0,0,1
4,15,53,33,9,6,3,1,0,0.0,0.5484437751004015,2.771000000000001,0,1,0,0,0,1,0,0,0,0,1
3,8,30,10,3,5,2,1,0,0.0,0.3681392235609103,1.1000000000000012,1,0,0,0,1,0,0,0,0,0,1
11,50,177,165,47,3,3,0,0,0.0,0.8338201290008519,3.8347272727272728,0,1,0,0,1,0,0,0,0,0,0
15,57,198,161,46,11,5,2,0,0.0,0.7036616440230897,3.4370666666666665,0,1,0,0,1,0,0,0,0,0,0
4,15,53,41,12,3,1,0,0,0.0,0.7392068273092369,3.0082500000000003,1,0,0,0,1,0,0,0,0,0,1
2,11,29,21,9,2,1,0,0,0.0,0.6174698795180722,3.7850000000000015,0,1,0,0,1,0,0,0,0,0,1
1,4,14,10,3,1,0,0,0,0.0,0.6024096385542168,3.730000000000004,1,0,0,0,0,1,0,0,0,0,0
2,7,25,6,2,5,0,0,0,0.0,0.2710843373493975,1.9415,1,0,0,0,0,0,1,0,0,0,1
13,56,192,172,51,5,5,0,0,0.0,0.6993712316928258,3.9122307692307694,1,0,0,0,1,0,0,0,0,0,0
1,5,14,0,1,4,0,0,0,0.0,0.0,1.0500000000000012,0,1,0,0,0,1,0,0,0,0,1
3,12,41,21,7,5,2,0,0,0.0,0.5120481927710843,2.5083333333333333,0,1,0,0,1,0,0,0,0,0,1
2,6,21,17,5,1,0,0,0,0.0,0.5572289156626505,3.4375,0,1,0,0,0,0,1,0,0,0,1
2,8,29,13,4,4,2,0,0,0.0,0.3765060240963854,2.15,1,0,0,0,1,0,0,0,0,0,1
3,13,40,24,9,4,1,0,0,0.0,0.6526104417670683,2.494333333333334,0,1,0,0,0,1,0,0,0,0,1
8,38,115,84,30,8,5,2,0,0.0,0.598823866896156,3.630375,1,0,0,0,1,0,0,0,0,0,0
3,15,51,25,8,1,1,0,0,0.0,0.6191432396251674,2.525000000000001,0,0,1,0,1,0,0,0,0,0,0
20,65,233,158,46,19,11,3,2,0.0,0.4342947001880335,2.813,0,1,0,0,1,0,0,0,0,0,0
14,54,184,147,44,10,6,2,0,0.0,0.5763717660232289,3.24,0,1,0,0,0,1,0,0,0,0,0
2,9,31,27,8,1,1,0,0,0.0,0.7078313253012047,3.7725000000000017,1,0,0,0,1,0,0,0,0,0,0
6,15,53,25,8,7,2,2,2,1.0,0.3606091030789826,2.608333333333333,1,0,0,0,1,0,0,0,0,0,1
16,65,233,165,47,18,11,4,0,0.0,0.6396037603210043,2.6583125,0,1,0,0,1,0,0,0,0,0,0
11,49,163,163,49,0,0,0,0,0.0,0.9030533784093476,4.221272727272727,0,1,0,0,0,1,0,0,0,0,0
1,4,14,7,2,2,0,0,0,0.0,0.4216867469879518,2.125,0,1,0,0,1,0,0,0,0,0,1
2,7,22,7,3,4,2,0,0,0.0,0.1957831325301204,1.9875,0,1,0,0,1,0,0,0,0,0,1
14,44,164,148,40,4,1,0,0,0.0,0.710071172850863,4.019571428571429,0,1,0,0,1,0,0,0,0,0,1
11,39,137,113,32,7,2,1,0,0.0,0.7446383658733056,2.43,0,1,0,0,1,0,0,0,0,0,1
23,74,280,140,40,34,10,7,3,2.0,0.4607044985051947,2.366391304347826,0,1,0,0,1,0,0,0,0,0,1
12,47,165,133,39,8,6,0,0,0.0,0.7227037660019587,3.2598333333333334,1,0,0,0,0,1,0,0,0,0,1
3,15,49,33,11,4,2,0,0,0.0,0.753012048192771,2.971666666666667,0,1,0,0,1,0,0,0,0,0,1
2,8,22,10,4,4,0,0,0,0.0,0.4518072289156626,1.787500000000001,0,1,0,0,1,0,0,0,0,0,1
13,56,190,169,50,6,4,0,0,0.0,0.7686761030134523,3.697307692307692,0,1,0,0,1,0,0,0,0,0,0
16,66,232,171,51,15,13,2,0,0.0,0.562276124352555,3.1754375,1,0,0,0,1,0,0,0,0,0,0
1,4,14,0,0,4,0,0,0,0.0,0.0,1.7763568394002505e-15,1,0,0,0,1,0,0,0,0,0,1
4,16,61,29,9,7,4,1,1,0.0,0.4831827309236947,2.718750000000001,0,1,0,0,0,1,0,0,0,0,0
15,64,219,167,50,14,8,2,0,0.0,0.6026785574978345,3.0586,0,1,0,0,1,0,0,0,0,0,0
1,4,14,3,1,3,0,0,0,0.0,0.180722891566265,0.7750000000000036,1,0,0,0,1,0,0,0,0,0,1
11,52,167,155,49,3,3,0,0,0.0,0.8592206290727649,4.031909090909091,1,0,0,0,1,0,0,0,0,0,0
5,14,53,25,7,7,3,3,0,0.0,0.3584337349397589,2.255,0,1,0,0,1,0,0,0,0,0,1
10,32,109,41,13,19,7,1,1,0.0,0.3700062153375406,1.9846000000000004,0,1,0,0,1,0,0,0,0,0,1
9,28,95,64,20,8,4,1,0,0.0,0.5451913474001827,2.867555555555556,1,0,0,0,1,0,0,0,0,0,1
17,61,216,159,45,16,10,3,1,0.0,0.5074011190631652,3.3196470588235294,0,1,0,0,0,0,1,0,0,0,0
15,66,230,173,52,14,8,3,2,0.0,0.6959664721712914,3.1934666666666667,1,0,0,0,0,0,1,0,0,0,0
1,5,14,10,4,1,0,0,0,0.0,0.6024096385542168,3.375,1,0,0,0,0,0,0,1,0,0,1
3,13,45,17,6,7,3,1,1,1.0,0.4049531459170012,2.469,0,1,0,0,1,0,0,0,0,0,1
17,61,223,162,46,15,7,3,3,0.0,0.4966087914716338,2.898588235294117,1,0,0,0,0,1,0,0,0,0,0
3,11,37,21,6,5,2,1,0,0.0,0.5120481927710843,3.091666666666667,0,1,0,0,0,0,0,1,0,0,1
12,53,182,170,50,3,2,1,0,0.0,0.8833537613658095,3.893,0,0,1,0,1,0,0,0,0,0,0
11,57,194,169,51,6,6,0,0,0.0,0.7875427329151314,3.8141818181818175,1,0,0,0,0,0,1,0,0,0,0
14,54,192,157,46,8,7,0,0,0.0,0.6978098995095552,3.6307857142857145,0,1,0,0,1,0,0,0,0,0,0
1,4,14,6,2,2,0,0,0,1.0,0.36144578313253,2.85,1,0,0,0,1,0,0,0,0,0,1
3,11,37,13,5,6,3,1,0,0.0,0.3380187416331994,2.1333333333333333,1,0,0,0,0,1,0,0,0,0,1
16,57,200,167,49,8,7,1,0,0.0,0.6069777517913812,3.8199375,0,1,0,0,1,0,0,0,0,0,0
8,30,106,65,19,11,3,0,0,0.0,0.5929521658060815,2.78125,0,1,0,0,1,0,0,0,0,0,1
15,54,183,163,49,5,4,1,0,0.0,0.5649480149480149,3.7516666666666665,1,0,0,0,1,0,0,0,0,0,0
10,31,106,53,17,14,8,2,0,0.0,0.4212397207879134,2.3933,0,1,0,0,1,0,0,0,0,0,1
4,11,41,9,3,8,2,2,2,2.0,0.2371987951807228,1.339500000000001,0,1,0,0,0,1,0,0,0,0,1
11,52,171,167,50,2,0,0,0,0.0,0.8676702085792993,4.180454545454546,0,1,0,0,0,1,0,0,0,0,0
11,52,170,170,52,0,0,0,0,0.0,0.916183032009976,4.2250000000000005,1,0,0,0,1,0,0,0,0,0,0
7,17,52,38,13,4,3,0,0,0.0,0.5062699778706663,2.8082857142857143,0,1,0,0,1,0,0,0,0,0,1
6,28,88,84,27,1,0,0,0,0.0,0.8795180722891566,3.3610000000000024,0,1,0,0,0,1,0,0,0,0,0
1,5,14,6,3,2,0,0,0,0.0,0.36144578313253,2.224999999999999,1,0,0,0,0,1,0,0,0,0,1
5,19,69,65,18,1,1,0,0,0.0,0.7319277108433735,3.4316000000000004,0,1,0,0,1,0,0,0,0,0,1
1,5,14,0,1,4,0,0,0,0.0,0.0,0.15,0,1,0,0,0,0,1,0,0,0,1
7,36,107,95,33,3,0,0,0,0.0,0.8254446356855994,3.7040000000000015,0,1,0,0,0,0,0,1,0,0,0
1,4,14,0,0,4,0,0,0,0.0,0.0,8.881784197001252e-16,1,0,0,0,1,0,0,0,0,0,1
13,54,189,165,48,6,4,2,0,0.0,0.6281271889473927,3.432923076923077,0,1,0,0,0,1,0,0,0,0,0
2,8,25,13,5,3,1,0,0,0.0,0.4969879518072289,2.8585000000000003,1,0,0,0,0,1,0,0,0,0,1
1,4,14,10,3,1,0,0,0,0.0,0.6024096385542168,3.4000000000000035,0,1,0,0,1,0,0,0,0,0,0
1,4,14,10,3,1,0,0,0,0.0,0.6024096385542168,3.575,1,0,0,0,1,0,0,0,0,0,1
2,4,10,6,3,1,0,0,0,0.0,0.2710843373493975,1.800000000000001,0,1,0,0,1,0,0,0,0,0,1
2,9,29,25,8,1,1,0,0,0.0,0.677710843373494,3.550000000000002,0,1,0,0,0,1,0,0,0,0,0
3,13,45,29,8,4,2,0,0,0.0,0.6860776439089692,3.308333333333335,0,1,0,0,1,0,0,0,0,0,0
1,4,14,0,0,4,0,0,0,0.0,0.0,3.552713678800501e-15,0,1,0,0,0,1,0,0,0,0,1
13,51,183,165,46,5,4,0,0,0.0,0.95310258169387,3.206,0,1,0,0,1,0,0,0,0,0,0
7,26,97,57,16,10,6,0,0,0.0,0.5598926317514957,2.3522857142857143,0,1,0,0,1,0,0,0,0,0,1
1,5,14,10,4,1,0,0,0,0.0,0.6024096385542168,2.9250000000000007,1,0,0,0,1,0,0,0,0,0,1
16,63,219,167,50,13,9,2,1,0.0,0.6816955373525403,3.27575,0,1,0,0,1,0,0,0,0,0,0
2,9,29,21,7,2,1,0,0,0.0,0.6174698795180722,2.9375,0,1,0,0,1,0,0,0,0,0,1
13,55,186,172,51,4,3,0,0,0.0,0.7907331829945361,3.949076923076923,0,1,0,0,1,0,0,0,0,0,0
13,57,195,175,52,5,5,0,0,0.0,0.6958026655663355,3.7219230769230767,1,0,0,0,1,0,0,0,0,0,0
1,5,14,10,4,1,0,0,0,0.0,0.6024096385542168,3.175,0,1,0,0,0,0,0,1,0,0,1
3,15,53,33,10,5,2,0,0,0.0,0.6325301204819277,2.9416666666666664,0,1,0,0,1,0,0,0,0,0,1
1,5,14,14,5,0,0,0,0,0.0,0.8433734939759036,4.1,1,0,0,0,0,0,1,0,0,0,1
4,15,56,24,7,8,3,1,0,0.0,0.4292168674698794,2.00625,0,1,0,0,0,1,0,0,0,0,1
1,5,14,14,5,0,0,0,0,0.0,0.8433734939759036,4.025000000000003,1,0,0,0,1,0,0,0,0,0,1
7,21,70,50,16,5,3,1,0,0.0,0.595463486599459,3.527428571428572,1,0,0,0,1,0,0,0,0,0,1
4,17,59,31,10,7,4,1,0,0.0,0.440512048192771,2.459250000000001,0,1,0,0,0,1,0,0,0,0,1
2,9,33,25,7,2,1,0,0,0.0,0.677710843373494,3.382500000000001,0,1,0,0,1,0,0,0,0,0,1
2,8,29,13,4,4,2,0,0,0.0,0.3765060240963854,2.4625000000000004,1,0,0,0,1,0,0,0,0,0,1
16,51,181,162,46,5,4,1,0,0.0,0.6991202481344868,3.591909090909091,1,0,0,0,0,1,0,0,0,0,0
16,68,238,171,50,18,13,2,2,0.0,0.5756017273807182,3.0003125,0,1,0,0,1,0,0,0,0,0,0
5,16,53,29,10,6,2,1,0,0.0,0.3700803212851404,2.3634,0,1,0,0,0,0,1,0,0,0,1
1,5,14,14,5,0,0,0,0,0.0,0.8433734939759036,3.9500000000000006,0,1,0,0,1,0,0,0,0,0,1
4,14,52,16,5,9,3,2,1,1.0,0.2986947791164658,1.85625,0,1,0,0,0,1,0,0,0,0,1
16,58,205,172,50,8,8,0,0,0.0,0.6173907564156057,3.575125,1,0,0,0,1,0,0,0,0,0,0
16,61,213,188,54,7,4,1,0,0.0,0.7003297280029207,3.6273125,0,1,0,0,0,1,0,0,0,0,0
2,6,22,10,3,3,0,0,0,0.0,0.4518072289156626,2.200000000000001,0,1,0,0,0,1,0,0,0,0,1
7,23,85,37,11,12,5,3,1,0.0,0.3654823375133185,2.139285714285715,0,1,0,0,1,0,0,0,0,0,1
2,9,29,6,3,6,2,0,0,0.0,0.2710843373493975,1.2,0,1,0,0,0,1,0,0,0,0,1
1,4,10,10,4,0,0,0,0,0.0,0.6024096385542168,4.167000000000002,1,0,0,0,1,0,0,0,0,0,1
12,54,184,176,52,2,2,0,0,0.0,0.7993362338241856,3.986083333333333,1,0,0,0,1,0,0,0,0,0,0
2,9,30,6,2,7,2,0,0,0.0,0.2710843373493975,1.3375000000000008,0,1,0,0,0,1,0,0,0,0,1
3,10,28,16,7,3,1,0,0,0.0,0.5287817938420347,1.5166666666666673,1,0,0,0,0,1,0,0,0,0,1
5,18,59,25,8,10,3,1,1,0.0,0.3945783132530119,2.141,0,1,0,0,1,0,0,0,0,0,1
16,62,208,160,50,12,6,4,2,0.0,0.5470694904994603,3.19525,1,0,0,0,0,1,0,0,0,0,0
2,9,33,9,3,6,2,0,0,0.0,0.3162650602409638,1.9800000000000009,0,1,0,0,1,0,0,0,0,0,1
1,5,14,6,3,2,0,0,0,0.0,0.36144578313253,2.0250000000000017,0,1,0,0,0,1,0,0,0,0,1
11,53,179,167,50,3,2,0,0,0.0,0.8414723435260126,4.050909090909091,0,1,0,0,0,1,0,0,0,0,0
19,65,233,164,48,17,9,4,3,0.0,0.643672003454338,2.7597368421052635,0,1,0,0,0,1,0,0,0,0,0
3,15,51,47,14,1,0,0,0,0.0,0.8868808567603748,3.8933333333333344,1,0,0,0,0,1,0,0,0,0,0
1,5,14,0,0,5,0,0,0,0.0,0.0,0.0999999999999995,0,1,0,0,0,0,0,0,0,1,1
11,51,175,171,50,1,1,0,0,0.0,0.9240132509573912,3.9032727272727272,1,0,0,0,1,0,0,0,0,0,0
2,8,29,21,6,2,2,0,0,0.0,0.4969879518072289,3.325,1,0,0,0,1,0,0,0,0,0,1
11,49,173,166,47,2,2,0,0,0.0,0.7270599517313646,3.578636363636364,1,0,0,0,0,1,0,0,0,0,0
2,9,24,17,7,2,0,0,0,0.0,0.677710843373494,3.079,1,0,0,0,0,0,1,0,0,0,1
2,10,34,6,2,8,1,0,0,0.0,0.2710843373493975,1.8835000000000008,1,0,0,0,0,0,0,1,0,0,1
13,58,198,167,50,8,7,1,0,0.0,0.653209973529714,3.8215384615384616,1,0,0,0,1,0,0,0,0,0,1
2,9,33,13,4,5,1,0,0,0.0,0.4969879518072289,2.885,0,1,0,0,0,1,0,0,0,0,1
4,14,53,29,8,6,2,0,0,0.0,0.5032630522088353,2.6187500000000004,0,1,0,0,1,0,0,0,0,0,1
11,42,151,119,34,8,3,2,1,1.0,0.7797886040140772,3.143,0,1,0,0,1,0,0,0,0,0,1
14,54,186,170,50,4,4,0,0,0.0,0.7512243565384701,3.980642857142857,1,0,0,0,1,0,0,0,0,0,1
1,4,14,10,3,1,0,0,0,0.0,0.6024096385542168,3.5500000000000043,1,0,0,0,1,0,0,0,0,0,1
13,48,171,154,44,3,3,0,0,0.0,0.6619316735164742,3.446076923076923,1,0,0,0,1,0,0,0,0,0,0
1,4,14,14,4,0,0,0,0,0.0,0.8433734939759036,3.975000000000004,0,1,0,0,0,1,0,0,0,0,0
4,13,45,6,3,10,3,1,1,1.0,0.1882530120481927,0.9400000000000004,0,1,0,0,1,0,0,0,0,0,1
4,22,71,30,10,12,5,0,0,0.0,0.4869477911646586,2.670000000000001,0,0,1,0,1,0,0,0,0,0,0
10,49,166,166,49,0,0,0,0,0.0,0.9812822719449223,4.2925,1,0,0,0,0,0,1,0,0,0,0
1,4,14,6,2,2,0,0,0,0.0,0.36144578313253,3.175,0,1,0,0,1,0,0,0,0,0,1
13,55,191,159,46,9,7,1,0,0.0,0.6507847779858901,3.5430769230769235,0,1,0,0,1,0,0,0,0,0,0
22,76,274,175,51,25,16,5,1,0.0,0.4497156671089525,3.0190454545454544,0,1,0,0,1,0,0,0,0,0,0
5,26,87,59,19,7,4,0,0,0.0,0.7656626506024096,3.3970000000000007,0,1,0,0,0,1,0,0,0,0,1
14,61,213,162,48,13,8,4,0,0.0,0.6864834462726028,2.965357142857143,0,1,0,0,1,0,0,0,0,0,1
2,8,28,0,0,8,4,0,0,0.0,0.0,0.4250000000000013,0,1,0,0,1,0,0,0,0,0,1
1,4,14,6,2,2,0,0,0,0.0,0.36144578313253,3.500000000000004,1,0,0,0,1,0,0,0,0,0,1
15,52,187,121,35,17,9,3,1,0.0,0.6020166914745227,2.788466666666667,0,1,0,0,1,0,0,0,0,0,1
5,23,81,54,16,7,6,0,0,0.0,0.5437751004016064,3.1388000000000007,0,1,0,0,1,0,0,0,0,0,0
3,11,37,9,3,8,3,0,0,0.0,0.2710843373493975,1.875,1,0,0,0,1,0,0,0,0,0,1
14,58,199,163,49,9,7,2,0,0.0,0.6563905352631687,3.616285714285714,1,0,0,0,1,0,0,0,0,0,0
19,75,266,175,52,23,12,6,3,0.0,0.5852766765407061,3.237684210526316,0,1,0,0,0,1,0,0,0,0,0
2,9,29,13,5,4,2,0,0,0.0,0.3765060240963854,3.1125,0,1,0,0,0,1,0,0,0,0,1
5,22,76,48,15,7,3,3,1,0.0,0.6076305220883533,2.9700000000000006,1,0,0,0,1,0,0,0,0,0,0
1,5,14,6,3,2,0,0,0,0.0,0.36144578313253,2.575,1,0,0,0,1,0,0,0,0,0,1
2,9,33,13,4,5,2,0,0,0.0,0.3765060240963854,2.107500000000001,1,0,0,0,0,1,0,0,0,0,1
4,15,53,17,6,9,4,0,0,0.0,0.3677208835341364,1.50625,0,1,0,0,1,0,0,0,0,0,1
8,24,85,69,20,4,2,0,0,0.0,0.5589769793459552,3.05825,0,1,0,0,1,0,0,0,0,0,1
1,5,14,3,2,3,0,0,0,0.0,0.180722891566265,1.175,1,0,0,0,0,1,0,0,0,0,1
1,4,14,14,4,0,0,0,0,0.0,0.8433734939759036,3.7,0,1,0,0,1,0,0,0,0,0,1
1,5,14,0,0,5,0,0,0,0.0,0.0,0.0,0,1,0,0,0,1,0,0,0,0,1
1,5,14,6,3,2,0,0,0,0.0,0.36144578313253,3.075000000000002,1,0,0,0,1,0,0,0,0,0,1
7,23,83,43,13,10,5,2,1,1.0,0.5048151790836817,2.334428571428572,1,0,0,0,0,0,1,0,0,0,1
10,53,186,173,50,3,3,0,0,0.0,0.8771347293937655,3.9557,0,1,0,0,1,0,0,0,0,0,0
1,4,14,6,2,2,0,0,0,0.0,0.36144578313253,2.950000000000003,1,0,0,0,1,0,0,0,0,0,1
12,53,193,157,44,9,8,1,0,0.0,0.8243685419890238,3.3395833333333336,1,0,0,0,1,0,0,0,0,0,0
7,26,92,45,14,12,3,3,2,0.0,0.5927587902630931,2.2921428571428577,0,1,0,0,1,0,0,0,0,0,0
1,5,14,0,0,5,0,0,0,1.0,0.0,0.0,1,0,0,0,1,0,0,0,0,0,1
11,52,167,163,51,1,1,0,0,0.0,0.908612411076814,4.181545454545455,1,0,0,0,1,0,0,0,0,0,0
14,53,183,164,47,5,4,0,0,0.0,0.6924439946169721,3.483571428571428,1,0,0,0,1,0,0,0,0,0,0
1,4,14,0,0,4,0,0,0,0.0,0.0,0.45,1,0,0,0,1,0,0,0,0,0,1
12,52,176,162,49,3,3,0,0,0.0,0.8751689659069176,3.77775,1,0,0,0,1,0,0,0,0,0,0
1,5,16,0,0,5,0,0,0,0.0,0.0,0.7000000000000017,0,1,0,0,1,0,0,0,0,0,1
4,15,55,6,2,13,5,0,0,0.0,0.1882530120481927,1.01,0,1,0,0,0,1,0,0,0,0,1
2,7,25,13,4,3,1,0,0,0.0,0.3765060240963854,2.7625,1,0,0,0,0,0,0,1,0,0,1
5,17,60,37,11,6,4,1,0,0.0,0.5660642570281125,2.595,0,1,0,0,1,0,0,0,0,0,1
2,9,25,13,4,5,1,0,0,0.0,0.3765060240963854,2.3625000000000025,0,1,0,0,1,0,0,0,0,0,0
13,56,193,170,50,6,4,1,0,0.0,0.7003699626498514,3.9814615384615375,0,1,0,0,1,0,0,0,0,0,0
2,10,33,25,8,2,1,0,0,0.0,0.677710843373494,3.0475000000000003,0,1,0,0,1,0,0,0,0,0,1
4,16,53,17,7,9,3,3,2,2.0,0.2673192771084337,1.8957500000000005,0,1,0,0,0,1,0,0,0,0,1
19,66,241,166,46,20,11,4,2,0.0,0.4374730517398385,2.959736842105263,1,0,0,0,0,1,0,0,0,0,0
14,57,196,171,51,6,5,1,0,0.0,0.7512228997814194,3.4172857142857143,1,0,0,0,1,0,0,0,0,0,0
13,53,177,173,50,3,1,0,0,0.0,0.882638353019879,3.687444444444444,0,1,0,0,1,0,0,0,0,0,0
11,34,125,53,16,18,9,5,1,0.0,0.3826796758067294,2.0151818181818184,1,0,0,0,0,1,0,0,0,0,1
3,11,37,25,8,3,1,0,0,0.0,0.6191432396251674,3.0500000000000003,0,1,0,0,0,1,0,0,0,0,1
13,55,191,167,49,6,5,1,0,0.0,0.6055808957801543,3.6165384615384615,0,1,0,0,0,1,0,0,0,0,0
2,8,29,14,4,4,1,0,0,0.0,0.4216867469879518,2.55,0,1,0,0,1,0,0,0,0,0,1
1,4,14,14,4,0,0,0,0,0.0,0.8433734939759036,3.825000000000004,1,0,0,0,1,0,0,0,0,0,1
9,47,155,106,33,14,7,2,0,0.0,0.6182056267397633,3.091666666666667,0,1,0,0,1,0,0,0,0,0,0
5,20,69,38,12,8,4,0,0,0.0,0.4931726907630521,2.762600000000001,0,1,0,0,0,1,0,0,0,0,0
8,19,67,25,8,11,4,2,1,1.0,0.2997974039013195,1.721875,0,1,0,0,1,0,0,0,0,0,1
1,5,14,3,2,3,0,0,0,0.0,0.180722891566265,1.7999999999999996,0,0,0,1,0,0,1,0,0,0,1
13,53,178,113,36,12,5,3,1,0.0,0.5142425795808557,3.3242307692307693,1,0,0,0,1,0,0,0,0,0,0
3,15,49,18,7,8,4,0,0,0.0,0.5421686746987951,2.09,0,1,0,0,1,0,0,0,0,0,1
8,24,85,19,6,18,6,2,2,1.0,0.2821733362019505,1.79375,1,0,0,0,1,0,0,0,0,0,1
11,53,184,167,49,4,4,0,0,0.0,0.8238716376722948,3.8954545454545455,1,0,0,0,1,0,0,0,0,0,0
1,5,14,7,3,2,0,0,0,0.0,0.4216867469879518,2.575000000000002,0,1,0,0,0,1,0,0,0,0,1
5,18,63,6,2,16,4,4,3,3.0,0.1650602409638553,0.9218000000000008,0,1,0,0,0,1,0,0,0,0,1
4,16,57,25,8,8,4,2,0,0.0,0.5082831325301205,2.28175,0,1,0,0,0,0,1,0,0,0,1
11,53,186,158,46,7,6,0,0,0.0,0.8221725943522219,3.7374545454545456,1,0,0,0,1,0,0,0,0,0,0
1,5,14,0,0,5,0,0,0,0.0,0.0,8.881784197001252e-16,1,0,0,0,1,0,0,0,0,0,1
4,17,45,17,8,9,2,0,0,0.0,0.4279618473895581,1.9000000000000004,0,1,0,0,1,0,0,0,0,0,1
6,28,91,87,27,1,0,0,0,0.0,0.901606425702811,3.653666666666668,0,1,0,0,1,0,0,0,0,0,0
4,15,51,6,2,13,4,3,1,1.0,0.1882530120481927,1.4480000000000013,0,1,0,0,0,1,0,0,0,0,1
